daily_dv_report_count	report_date	alcohol_related_report_count	day_of_week_number	is_weekend	month_number	quarter_number	days_since_start	is_calendar_event	is_national_holiday	dv_reports_previous_day	dv_reports_previous_week	dv_reports_previous_4_weeks
continuous	string	continuous	continuous	continuous	continuous	continuous	continuous	continuous	continuous	continuous	continuous	continuous
class	meta	meta										
110	2012-01-29	57	0	1	1	1	28	0	0	89	108	125
205	2012-01-30	58	1	0	1	1	29	0	0	110	233	165
148	2012-01-31	49	2	0	1	1	30	0	0	205	162	142
159	2012-02-01	56	3	0	2	1	31	0	0	148	152	179
194	2012-02-02	64	4	0	2	1	32	0	0	159	163	123
146	2012-02-03	46	5	0	2	1	33	0	0	194	120	152
94	2012-02-04	40	6	1	2	1	34	0	0	146	89	79
111	2012-02-05	50	0	1	2	1	35	0	0	94	110	116
222	2012-02-06	82	1	0	2	1	36	0	0	111	205	166
160	2012-02-07	48	2	0	2	1	37	0	0	222	148	148
166	2012-02-08	51	3	0	2	1	38	0	0	160	159	160
161	2012-02-09	39	4	0	2	1	39	0	0	166	194	131
156	2012-02-10	49	5	0	2	1	40	0	0	161	146	125
107	2012-02-11	57	6	1	2	1	41	0	0	156	94	102
146	2012-02-12	74	0	1	2	1	42	0	0	107	111	102
197	2012-02-13	63	1	0	2	1	43	0	0	146	222	175
159	2012-02-14	45	2	0	2	1	44	0	0	197	160	158
173	2012-02-15	47	3	0	2	1	45	0	0	159	166	135
162	2012-02-16	62	4	0	2	1	46	0	0	173	161	123
136	2012-02-17	53	5	0	2	1	47	1	0	162	156	137
116	2012-02-18	49	6	1	2	1	48	1	0	136	107	108
146	2012-02-19	82	0	1	2	1	49	1	0	116	146	108
122	2012-02-20	52	1	0	2	1	50	1	0	146	197	233
125	2012-02-21	63	2	0	2	1	51	1	1	122	159	162
153	2012-02-22	54	3	0	2	1	52	1	1	125	173	152
197	2012-02-23	41	4	0	2	1	53	0	0	153	162	163
154	2012-02-24	42	5	0	2	1	54	0	0	197	136	120
86	2012-02-25	26	6	1	2	1	55	0	0	154	116	89
127	2012-02-26	50	0	1	2	1	56	0	0	86	146	110
227	2012-02-27	76	1	0	2	1	57	0	0	127	122	205
153	2012-02-28	37	2	0	2	1	58	0	0	227	125	148
146	2012-02-29	43	3	0	2	1	59	0	0	153	153	159
179	2012-03-01	53	4	0	3	1	60	0	0	146	197	194
155	2012-03-02	47	5	0	3	1	61	0	0	179	154	146
97	2012-03-03	41	6	1	3	1	62	0	0	155	86	94
127	2012-03-04	59	0	1	3	1	63	0	0	97	127	111
254	2012-03-05	90	1	0	3	1	64	0	0	127	227	222
183	2012-03-06	48	2	0	3	1	65	0	0	254	153	160
177	2012-03-07	50	3	0	3	1	66	0	0	183	146	166
142	2012-03-08	40	4	0	3	1	67	0	0	177	179	161
160	2012-03-09	41	5	0	3	1	68	0	0	142	155	156
113	2012-03-10	47	6	1	3	1	69	0	0	160	97	107
107	2012-03-11	57	0	1	3	1	70	0	0	113	127	146
241	2012-03-12	83	1	0	3	1	71	0	0	107	254	197
181	2012-03-13	51	2	0	3	1	72	0	0	241	183	159
154	2012-03-14	47	3	0	3	1	73	0	0	181	177	173
152	2012-03-15	48	4	0	3	1	74	0	0	154	142	162
144	2012-03-16	35	5	0	3	1	75	0	0	152	160	136
110	2012-03-17	50	6	1	3	1	76	0	0	144	113	116
112	2012-03-18	53	0	1	3	1	77	0	0	110	107	146
197	2012-03-19	60	1	0	3	1	78	0	0	112	241	122
182	2012-03-20	53	2	0	3	1	79	1	0	197	181	125
179	2012-03-21	56	3	0	3	1	80	0	0	182	154	153
201	2012-03-22	57	4	0	3	1	81	0	0	179	152	197
161	2012-03-23	51	5	0	3	1	82	0	0	201	144	154
87	2012-03-24	36	6	1	3	1	83	0	0	161	110	86
119	2012-03-25	68	0	1	3	1	84	0	0	87	112	127
217	2012-03-26	73	1	0	3	1	85	0	0	119	197	227
156	2012-03-27	41	2	0	3	1	86	0	0	217	182	153
167	2012-03-28	50	3	0	3	1	87	0	0	156	179	146
169	2012-03-29	46	4	0	3	1	88	0	0	167	201	179
143	2012-03-30	39	5	0	3	1	89	0	0	169	161	155
82	2012-03-31	38	6	1	3	1	90	0	0	143	87	97
121	2012-04-01	56	0	1	4	2	91	0	0	82	119	127
211	2012-04-02	71	1	0	4	2	92	0	0	121	217	254
152	2012-04-03	39	2	0	4	2	93	0	0	211	156	183
170	2012-04-04	41	3	0	4	2	94	0	0	152	167	177
102	2012-04-05	37	4	0	4	2	95	0	0	170	169	142
110	2012-04-06	49	5	0	4	2	96	1	1	102	143	160
101	2012-04-07	41	6	1	4	2	97	0	0	110	82	113
134	2012-04-08	67	0	1	4	2	98	1	1	101	121	107
255	2012-04-09	87	1	0	4	2	99	0	0	134	211	241
208	2012-04-10	53	2	0	4	2	100	0	0	255	152	181
164	2012-04-11	40	3	0	4	2	101	0	0	208	170	154
201	2012-04-12	68	4	0	4	2	102	0	0	164	102	152
167	2012-04-13	55	5	0	4	2	103	0	0	201	110	144
95	2012-04-14	37	6	1	4	2	104	0	0	167	101	110
136	2012-04-15	68	0	1	4	2	105	0	0	95	134	112
214	2012-04-16	81	1	0	4	2	106	0	0	136	255	197
185	2012-04-17	45	2	0	4	2	107	0	0	214	208	182
167	2012-04-18	53	3	0	4	2	108	0	0	185	164	179
166	2012-04-19	42	4	0	4	2	109	0	0	167	201	201
200	2012-04-20	58	5	0	4	2	110	0	0	166	167	161
119	2012-04-21	41	6	1	4	2	111	1	1	200	95	87
114	2012-04-22	50	0	1	4	2	112	0	0	119	136	119
208	2012-04-23	57	1	0	4	2	113	0	0	114	214	217
186	2012-04-24	51	2	0	4	2	114	0	0	208	185	156
164	2012-04-25	55	3	0	4	2	115	0	0	186	167	167
171	2012-04-26	41	4	0	4	2	116	0	0	164	166	169
190	2012-04-27	44	5	0	4	2	117	0	0	171	200	143
80	2012-04-28	28	6	1	4	2	118	0	0	190	119	82
102	2012-04-29	46	0	1	4	2	119	0	0	80	114	121
99	2012-04-30	24	1	0	4	2	120	0	0	102	208	211
88	2012-05-01	37	2	0	5	2	121	1	1	99	186	152
184	2012-05-02	59	3	0	5	2	122	0	0	88	164	170
170	2012-05-03	38	4	0	5	2	123	0	0	184	171	102
164	2012-05-04	49	5	0	5	2	124	0	0	170	190	110
86	2012-05-05	27	6	1	5	2	125	0	0	164	80	101
119	2012-05-06	61	0	1	5	2	126	0	0	86	102	134
183	2012-05-07	61	1	0	5	2	127	0	0	119	99	255
174	2012-05-08	57	2	0	5	2	128	0	0	183	88	208
175	2012-05-09	58	3	0	5	2	129	0	0	174	184	164
208	2012-05-10	60	4	0	5	2	130	0	0	175	170	201
166	2012-05-11	54	5	0	5	2	131	0	0	208	164	167
106	2012-05-12	43	6	1	5	2	132	0	0	166	86	95
123	2012-05-13	59	0	1	5	2	133	1	0	106	119	136
239	2012-05-14	83	1	0	5	2	134	0	0	123	183	214
176	2012-05-15	52	2	0	5	2	135	0	0	239	174	185
134	2012-05-16	41	3	0	5	2	136	0	0	176	175	167
156	2012-05-17	45	4	0	5	2	137	0	0	134	208	166
150	2012-05-18	48	5	0	5	2	138	0	0	156	166	200
99	2012-05-19	37	6	1	5	2	139	0	0	150	106	119
81	2012-05-20	34	0	1	5	2	140	0	0	99	123	114
219	2012-05-21	69	1	0	5	2	141	0	0	81	239	208
211	2012-05-22	51	2	0	5	2	142	0	0	219	176	186
178	2012-05-23	49	3	0	5	2	143	0	0	211	134	164
134	2012-05-24	46	4	0	5	2	144	0	0	178	156	171
205	2012-05-25	76	5	0	5	2	145	0	0	134	150	190
96	2012-05-26	44	6	1	5	2	146	0	0	205	99	80
103	2012-05-27	42	0	1	5	2	147	0	0	96	81	102
341	2012-05-28	120	1	0	5	2	148	0	0	103	219	99
201	2012-05-29	46	2	0	5	2	149	0	0	341	211	88
218	2012-05-30	72	3	0	5	2	150	0	0	201	178	184
204	2012-05-31	58	4	0	5	2	151	0	0	218	134	170
196	2012-06-01	45	5	0	6	2	152	0	0	204	205	164
89	2012-06-02	39	6	1	6	2	153	0	0	196	96	86
129	2012-06-03	59	0	1	6	2	154	0	0	89	103	119
239	2012-06-04	70	1	0	6	2	155	0	0	129	341	183
169	2012-06-05	55	2	0	6	2	156	0	0	239	201	174
180	2012-06-06	47	3	0	6	2	157	0	0	169	218	175
93	2012-06-07	39	4	0	6	2	158	1	1	180	204	208
112	2012-06-08	37	5	0	6	2	159	0	0	93	196	166
77	2012-06-09	22	6	1	6	2	160	0	0	112	89	106
95	2012-06-10	49	0	1	6	2	161	0	0	77	129	123
234	2012-06-11	90	1	0	6	2	162	0	0	95	239	239
190	2012-06-12	56	2	0	6	2	163	1	0	234	169	176
149	2012-06-13	39	3	0	6	2	164	0	0	190	180	134
185	2012-06-14	52	4	0	6	2	165	0	0	149	93	156
169	2012-06-15	46	5	0	6	2	166	0	0	185	112	150
94	2012-06-16	31	6	1	6	2	167	0	0	169	77	99
105	2012-06-17	44	0	1	6	2	168	0	0	94	95	81
216	2012-06-18	73	1	0	6	2	169	0	0	105	234	219
180	2012-06-19	37	2	0	6	2	170	0	0	216	190	211
162	2012-06-20	53	3	0	6	2	171	1	0	180	149	178
170	2012-06-21	55	4	0	6	2	172	0	0	162	185	134
148	2012-06-22	39	5	0	6	2	173	0	0	170	169	205
107	2012-06-23	45	6	1	6	2	174	0	0	148	94	96
86	2012-06-24	45	0	1	6	2	175	0	0	107	105	103
230	2012-06-25	70	1	0	6	2	176	0	0	86	216	341
199	2012-06-26	55	2	0	6	2	177	0	0	230	180	201
216	2012-06-27	70	3	0	6	2	178	0	0	199	162	218
164	2012-06-28	44	4	0	6	2	179	0	0	216	170	204
204	2012-06-29	53	5	0	6	2	180	0	0	164	148	196
101	2012-06-30	41	6	1	6	2	181	0	0	204	107	89
104	2012-07-01	41	0	1	7	3	182	0	0	101	86	129
238	2012-07-02	64	1	0	7	3	183	0	0	104	230	239
190	2012-07-03	71	2	0	7	3	184	0	0	238	199	169
187	2012-07-04	63	3	0	7	3	185	0	0	190	216	180
210	2012-07-05	64	4	0	7	3	186	0	0	187	164	93
185	2012-07-06	68	5	0	7	3	187	0	0	210	204	112
96	2012-07-07	38	6	1	7	3	188	0	0	185	101	77
93	2012-07-08	36	0	1	7	3	189	0	0	96	104	95
182	2012-07-09	58	1	0	7	3	190	0	0	93	238	234
190	2012-07-10	50	2	0	7	3	191	0	0	182	190	190
147	2012-07-11	50	3	0	7	3	192	0	0	190	187	149
168	2012-07-12	54	4	0	7	3	193	0	0	147	210	185
146	2012-07-13	44	5	0	7	3	194	0	0	168	185	169
78	2012-07-14	35	6	1	7	3	195	0	0	146	96	94
93	2012-07-15	51	0	1	7	3	196	0	0	78	93	105
181	2012-07-16	60	1	0	7	3	197	0	0	93	182	216
224	2012-07-17	86	2	0	7	3	198	0	0	181	190	180
164	2012-07-18	44	3	0	7	3	199	0	0	224	147	162
146	2012-07-19	52	4	0	7	3	200	0	0	164	168	170
153	2012-07-20	46	5	0	7	3	201	0	0	146	146	148
100	2012-07-21	40	6	1	7	3	202	0	0	153	78	107
97	2012-07-22	39	0	1	7	3	203	0	0	100	93	86
209	2012-07-23	64	1	0	7	3	204	0	0	97	181	230
147	2012-07-24	38	2	0	7	3	205	0	0	209	224	199
156	2012-07-25	42	3	0	7	3	206	0	0	147	164	216
201	2012-07-26	69	4	0	7	3	207	0	0	156	146	164
149	2012-07-27	43	5	0	7	3	208	0	0	201	153	204
90	2012-07-28	49	6	1	7	3	209	0	0	149	100	101
110	2012-07-29	56	0	1	7	3	210	0	0	90	97	104
231	2012-07-30	78	1	0	7	3	211	0	0	110	209	238
214	2012-07-31	61	2	0	7	3	212	0	0	231	147	190
164	2012-08-01	44	3	0	8	3	213	0	0	214	156	187
176	2012-08-02	50	4	0	8	3	214	0	0	164	201	210
171	2012-08-03	52	5	0	8	3	215	0	0	176	149	185
102	2012-08-04	44	6	1	8	3	216	0	0	171	90	96
118	2012-08-05	65	0	1	8	3	217	0	0	102	110	93
230	2012-08-06	83	1	0	8	3	218	0	0	118	231	182
214	2012-08-07	70	2	0	8	3	219	0	0	230	214	190
229	2012-08-08	57	3	0	8	3	220	0	0	214	164	147
200	2012-08-09	50	4	0	8	3	221	0	0	229	176	168
194	2012-08-10	61	5	0	8	3	222	0	0	200	171	146
86	2012-08-11	33	6	1	8	3	223	0	0	194	102	78
139	2012-08-12	64	0	1	8	3	224	1	0	86	118	93
290	2012-08-13	89	1	0	8	3	225	0	0	139	230	181
194	2012-08-14	66	2	0	8	3	226	0	0	290	214	224
212	2012-08-15	69	3	0	8	3	227	0	0	194	229	164
181	2012-08-16	60	4	0	8	3	228	0	0	212	200	146
207	2012-08-17	63	5	0	8	3	229	0	0	181	194	153
108	2012-08-18	39	6	1	8	3	230	0	0	207	86	100
118	2012-08-19	59	0	1	8	3	231	0	0	108	139	97
271	2012-08-20	90	1	0	8	3	232	0	0	118	290	209
202	2012-08-21	61	2	0	8	3	233	0	0	271	194	147
213	2012-08-22	49	3	0	8	3	234	0	0	202	212	156
202	2012-08-23	47	4	0	8	3	235	0	0	213	181	201
219	2012-08-24	63	5	0	8	3	236	0	0	202	207	149
112	2012-08-25	39	6	1	8	3	237	0	0	219	108	90
126	2012-08-26	52	0	1	8	3	238	0	0	112	118	110
242	2012-08-27	77	1	0	8	3	239	0	0	126	271	231
282	2012-08-28	94	2	0	8	3	240	0	0	242	202	214
165	2012-08-29	39	3	0	8	3	241	0	0	282	213	164
234	2012-08-30	68	4	0	8	3	242	0	0	165	202	176
227	2012-08-31	55	5	0	8	3	243	0	0	234	219	171
112	2012-09-01	48	6	1	9	3	244	0	0	227	112	102
122	2012-09-02	55	0	1	9	3	245	0	0	112	126	118
258	2012-09-03	91	1	0	9	3	246	0	0	122	242	230
211	2012-09-04	53	2	0	9	3	247	0	0	258	282	214
163	2012-09-05	45	3	0	9	3	248	0	0	211	165	229
215	2012-09-06	55	4	0	9	3	249	0	0	163	234	200
132	2012-09-07	63	5	0	9	3	250	1	1	215	227	194
105	2012-09-08	46	6	1	9	3	251	0	0	132	112	86
143	2012-09-09	62	0	1	9	3	252	0	0	105	122	139
273	2012-09-10	88	1	0	9	3	253	0	0	143	258	290
210	2012-09-11	54	2	0	9	3	254	0	0	273	211	194
195	2012-09-12	63	3	0	9	3	255	0	0	210	163	212
224	2012-09-13	63	4	0	9	3	256	0	0	195	215	181
170	2012-09-14	50	5	0	9	3	257	0	0	224	132	207
109	2012-09-15	43	6	1	9	3	258	0	0	170	105	108
128	2012-09-16	52	0	1	9	3	259	0	0	109	143	118
311	2012-09-17	90	1	0	9	3	260	0	0	128	273	271
196	2012-09-18	70	2	0	9	3	261	0	0	311	210	202
214	2012-09-19	64	3	0	9	3	262	0	0	196	195	213
209	2012-09-20	67	4	0	9	3	263	0	0	214	224	202
191	2012-09-21	61	5	0	9	3	264	0	0	209	170	219
101	2012-09-22	33	6	1	9	3	265	1	0	191	109	112
119	2012-09-23	54	0	1	9	3	266	0	0	101	128	126
262	2012-09-24	81	1	0	9	3	267	0	0	119	311	242
276	2012-09-25	97	2	0	9	3	268	0	0	262	196	282
186	2012-09-26	56	3	0	9	3	269	0	0	276	214	165
172	2012-09-27	41	4	0	9	3	270	0	0	186	209	234
261	2012-09-28	71	5	0	9	3	271	0	0	172	191	227
112	2012-09-29	30	6	1	9	3	272	0	0	261	101	112
138	2012-09-30	59	0	1	9	3	273	0	0	112	119	122
255	2012-10-01	94	1	0	10	4	274	0	0	138	262	258
189	2012-10-02	51	2	0	10	4	275	0	0	255	276	211
214	2012-10-03	64	3	0	10	4	276	0	0	189	186	163
206	2012-10-04	65	4	0	10	4	277	0	0	214	172	215
193	2012-10-05	69	5	0	10	4	278	0	0	206	261	132
129	2012-10-06	52	6	1	10	4	279	0	0	193	112	105
148	2012-10-07	74	0	1	10	4	280	0	0	129	138	143
278	2012-10-08	98	1	0	10	4	281	0	0	148	255	273
259	2012-10-09	75	2	0	10	4	282	0	0	278	189	210
250	2012-10-10	68	3	0	10	4	283	0	0	259	214	195
192	2012-10-11	63	4	0	10	4	284	0	0	250	206	224
109	2012-10-12	29	5	0	10	4	285	1	1	192	193	170
91	2012-10-13	40	6	1	10	4	286	0	0	109	129	109
107	2012-10-14	50	0	1	10	4	287	0	0	91	148	128
285	2012-10-15	99	1	0	10	4	288	1	0	107	278	311
232	2012-10-16	71	2	0	10	4	289	0	0	285	259	196
192	2012-10-17	57	3	0	10	4	290	0	0	232	250	214
205	2012-10-18	68	4	0	10	4	291	0	0	192	192	209
186	2012-10-19	54	5	0	10	4	292	0	0	205	109	191
128	2012-10-20	55	6	1	10	4	293	0	0	186	91	101
127	2012-10-21	55	0	1	10	4	294	0	0	128	107	119
294	2012-10-22	93	1	0	10	4	295	0	0	127	285	262
200	2012-10-23	62	2	0	10	4	296	0	0	294	232	276
234	2012-10-24	71	3	0	10	4	297	0	0	200	192	186
221	2012-10-25	62	4	0	10	4	298	0	0	234	205	172
207	2012-10-26	71	5	0	10	4	299	0	0	221	186	261
110	2012-10-27	42	6	1	10	4	300	0	0	207	128	112
157	2012-10-28	82	0	1	10	4	301	1	0	110	127	138
285	2012-10-29	99	1	0	10	4	302	0	0	157	294	255
217	2012-10-30	62	2	0	10	4	303	0	0	285	200	189
268	2012-10-31	73	3	0	10	4	304	0	0	217	234	214
183	2012-11-01	45	4	0	11	4	305	0	0	268	221	206
120	2012-11-02	51	5	0	11	4	306	1	1	183	207	193
120	2012-11-03	44	6	1	11	4	307	0	0	120	110	129
133	2012-11-04	69	0	1	11	4	308	0	0	120	157	148
285	2012-11-05	86	1	0	11	4	309	0	0	133	285	278
239	2012-11-06	71	2	0	11	4	310	0	0	285	217	259
211	2012-11-07	57	3	0	11	4	311	0	0	239	268	250
218	2012-11-08	62	4	0	11	4	312	0	0	211	183	192
205	2012-11-09	64	5	0	11	4	313	0	0	218	120	109
104	2012-11-10	46	6	1	11	4	314	0	0	205	120	91
125	2012-11-11	55	0	1	11	4	315	0	0	104	133	107
302	2012-11-12	104	1	0	11	4	316	0	0	125	285	285
197	2012-11-13	44	2	0	11	4	317	0	0	302	239	232
222	2012-11-14	55	3	0	11	4	318	0	0	197	211	192
87	2012-11-15	36	4	0	11	4	319	1	1	222	218	205
126	2012-11-16	43	5	0	11	4	320	0	0	87	205	186
98	2012-11-17	37	6	1	11	4	321	0	0	126	104	128
123	2012-11-18	54	0	1	11	4	322	0	0	98	125	127
249	2012-11-19	81	1	0	11	4	323	0	0	123	302	294
197	2012-11-20	56	2	0	11	4	324	1	0	249	197	200
203	2012-11-21	51	3	0	11	4	325	0	0	197	222	234
196	2012-11-22	57	4	0	11	4	326	0	0	203	87	221
203	2012-11-23	52	5	0	11	4	327	0	0	196	126	207
112	2012-11-24	39	6	1	11	4	328	0	0	203	98	110
119	2012-11-25	46	0	1	11	4	329	0	0	112	123	157
269	2012-11-26	78	1	0	11	4	330	0	0	119	249	285
212	2012-11-27	45	2	0	11	4	331	0	0	269	197	217
169	2012-11-28	42	3	0	11	4	332	0	0	212	203	268
199	2012-11-29	58	4	0	11	4	333	0	0	169	196	183
188	2012-11-30	54	5	0	11	4	334	0	0	199	203	120
113	2012-12-01	42	6	1	12	4	335	0	0	188	112	120
141	2012-12-02	50	0	1	12	4	336	0	0	113	119	133
285	2012-12-03	103	1	0	12	4	337	0	0	141	269	285
208	2012-12-04	51	2	0	12	4	338	0	0	285	212	239
197	2012-12-05	59	3	0	12	4	339	0	0	208	169	211
200	2012-12-06	51	4	0	12	4	340	0	0	197	199	218
192	2012-12-07	69	5	0	12	4	341	0	0	200	188	205
124	2012-12-08	39	6	1	12	4	342	0	0	192	113	104
150	2012-12-09	57	0	1	12	4	343	0	0	124	141	125
267	2012-12-10	84	1	0	12	4	344	0	0	150	285	302
188	2012-12-11	51	2	0	12	4	345	0	0	267	208	197
217	2012-12-12	74	3	0	12	4	346	0	0	188	197	222
183	2012-12-13	61	4	0	12	4	347	0	0	217	200	87
172	2012-12-14	48	5	0	12	4	348	0	0	183	192	126
107	2012-12-15	43	6	1	12	4	349	0	0	172	124	98
137	2012-12-16	59	0	1	12	4	350	0	0	107	150	123
224	2012-12-17	66	1	0	12	4	351	0	0	137	267	249
202	2012-12-18	66	2	0	12	4	352	0	0	224	188	197
196	2012-12-19	50	3	0	12	4	353	0	0	202	217	203
181	2012-12-20	58	4	0	12	4	354	0	0	196	183	196
157	2012-12-21	52	5	0	12	4	355	1	0	181	172	203
124	2012-12-22	50	6	1	12	4	356	0	0	157	107	112
107	2012-12-23	51	0	1	12	4	357	0	0	124	137	119
94	2012-12-24	29	1	0	12	4	358	1	0	107	224	269
172	2012-12-25	82	2	0	12	4	359	1	1	94	202	212
229	2012-12-26	79	3	0	12	4	360	0	0	172	196	169
199	2012-12-27	52	4	0	12	4	361	0	0	229	181	199
205	2012-12-28	61	5	0	12	4	362	0	0	199	157	188
109	2012-12-29	35	6	1	12	4	363	0	0	205	124	113
120	2012-12-30	54	0	1	12	4	364	0	0	109	107	141
100	2012-12-31	40	1	0	12	4	365	1	0	120	94	285
149	2013-01-01	84	2	0	1	1	366	1	1	100	172	208
256	2013-01-02	100	3	0	1	1	367	0	0	149	229	197
236	2013-01-03	74	4	0	1	1	368	0	0	256	199	200
200	2013-01-04	60	5	0	1	1	369	0	0	236	205	192
119	2013-01-05	37	6	1	1	1	370	0	0	200	109	124
122	2013-01-06	54	0	1	1	1	371	0	0	119	120	150
267	2013-01-07	94	1	0	1	1	372	0	0	122	100	267
217	2013-01-08	55	2	0	1	1	373	0	0	267	149	188
213	2013-01-09	63	3	0	1	1	374	0	0	217	256	217
213	2013-01-10	55	4	0	1	1	375	0	0	213	236	183
201	2013-01-11	61	5	0	1	1	376	0	0	213	200	172
107	2013-01-12	38	6	1	1	1	377	0	0	201	119	107
124	2013-01-13	52	0	1	1	1	378	0	0	107	122	137
245	2013-01-14	81	1	0	1	1	379	0	0	124	267	224
237	2013-01-15	80	2	0	1	1	380	0	0	245	217	202
221	2013-01-16	56	3	0	1	1	381	0	0	237	213	196
202	2013-01-17	61	4	0	1	1	382	0	0	221	213	181
202	2013-01-18	64	5	0	1	1	383	0	0	202	201	157
119	2013-01-19	42	6	1	1	1	384	0	0	202	107	124
145	2013-01-20	69	0	1	1	1	385	0	0	119	124	107
251	2013-01-21	83	1	0	1	1	386	0	0	145	245	94
260	2013-01-22	75	2	0	1	1	387	0	0	251	237	172
194	2013-01-23	42	3	0	1	1	388	0	0	260	221	229
251	2013-01-24	63	4	0	1	1	389	0	0	194	202	199
230	2013-01-25	73	5	0	1	1	390	0	0	251	202	205
115	2013-01-26	45	6	1	1	1	391	0	0	230	119	109
138	2013-01-27	62	0	1	1	1	392	0	0	115	145	120
277	2013-01-28	91	1	0	1	1	393	0	0	138	251	100
240	2013-01-29	54	2	0	1	1	394	0	0	277	260	149
229	2013-01-30	75	3	0	1	1	395	0	0	240	194	256
172	2013-01-31	62	4	0	1	1	396	0	0	229	251	236
185	2013-02-01	48	5	0	2	1	397	0	0	172	230	200
137	2013-02-02	50	6	1	2	1	398	0	0	185	115	119
137	2013-02-03	52	0	1	2	1	399	0	0	137	138	122
257	2013-02-04	78	1	0	2	1	400	0	0	137	277	267
218	2013-02-05	54	2	0	2	1	401	0	0	257	240	217
172	2013-02-06	50	3	0	2	1	402	0	0	218	229	213
199	2013-02-07	56	4	0	2	1	403	0	0	172	172	213
226	2013-02-08	60	5	0	2	1	404	1	0	199	185	201
133	2013-02-09	51	6	1	2	1	405	1	0	226	137	107
169	2013-02-10	65	0	1	2	1	406	1	0	133	137	124
148	2013-02-11	49	1	0	2	1	407	1	0	169	257	245
151	2013-02-12	57	2	0	2	1	408	1	1	148	218	237
200	2013-02-13	64	3	0	2	1	409	1	1	151	172	221
270	2013-02-14	77	4	0	2	1	410	0	0	200	199	202
194	2013-02-15	64	5	0	2	1	411	0	0	270	226	202
134	2013-02-16	54	6	1	2	1	412	0	0	194	133	119
167	2013-02-17	64	0	1	2	1	413	0	0	134	169	145
283	2013-02-18	81	1	0	2	1	414	0	0	167	148	251
272	2013-02-19	78	2	0	2	1	415	0	0	283	151	260
271	2013-02-20	93	3	0	2	1	416	0	0	272	200	194
226	2013-02-21	46	4	0	2	1	417	0	0	271	270	251
212	2013-02-22	61	5	0	2	1	418	0	0	226	194	230
111	2013-02-23	36	6	1	2	1	419	0	0	212	134	115
152	2013-02-24	60	0	1	2	1	420	0	0	111	167	138
319	2013-02-25	103	1	0	2	1	421	0	0	152	283	277
233	2013-02-26	71	2	0	2	1	422	0	0	319	272	240
226	2013-02-27	58	3	0	2	1	423	0	0	233	271	229
183	2013-02-28	61	4	0	2	1	424	0	0	226	226	172
195	2013-03-01	47	5	0	3	1	425	0	0	183	212	185
115	2013-03-02	48	6	1	3	1	426	0	0	195	111	137
152	2013-03-03	61	0	1	3	1	427	0	0	115	152	137
313	2013-03-04	106	1	0	3	1	428	0	0	152	319	257
226	2013-03-05	77	2	0	3	1	429	0	0	313	233	218
232	2013-03-06	63	3	0	3	1	430	0	0	226	226	172
222	2013-03-07	56	4	0	3	1	431	0	0	232	183	199
196	2013-03-08	46	5	0	3	1	432	0	0	222	195	226
157	2013-03-09	65	6	1	3	1	433	0	0	196	115	133
172	2013-03-10	64	0	1	3	1	434	0	0	157	152	169
334	2013-03-11	104	1	0	3	1	435	0	0	172	313	148
247	2013-03-12	72	2	0	3	1	436	0	0	334	226	151
221	2013-03-13	51	3	0	3	1	437	0	0	247	232	200
233	2013-03-14	78	4	0	3	1	438	0	0	221	222	270
215	2013-03-15	55	5	0	3	1	439	0	0	233	196	194
117	2013-03-16	38	6	1	3	1	440	0	0	215	157	134
145	2013-03-17	68	0	1	3	1	441	0	0	117	172	167
270	2013-03-18	87	1	0	3	1	442	0	0	145	334	283
205	2013-03-19	66	2	0	3	1	443	0	0	270	247	272
241	2013-03-20	83	3	0	3	1	444	1	0	205	221	271
185	2013-03-21	54	4	0	3	1	445	0	0	241	233	226
195	2013-03-22	53	5	0	3	1	446	0	0	185	215	212
114	2013-03-23	45	6	1	3	1	447	0	0	195	117	111
139	2013-03-24	54	0	1	3	1	448	0	0	114	145	152
312	2013-03-25	80	1	0	3	1	449	0	0	139	270	319
211	2013-03-26	59	2	0	3	1	450	0	0	312	205	233
178	2013-03-27	41	3	0	3	1	451	0	0	211	241	226
152	2013-03-28	42	4	0	3	1	452	0	0	178	185	183
115	2013-03-29	49	5	0	3	1	453	1	1	152	195	195
111	2013-03-30	46	6	1	3	1	454	0	0	115	114	115
107	2013-03-31	42	0	1	3	1	455	1	1	111	139	152
351	2013-04-01	82	1	0	4	2	456	0	0	107	312	313
236	2013-04-02	58	2	0	4	2	457	0	0	351	211	226
249	2013-04-03	68	3	0	4	2	458	0	0	236	178	232
215	2013-04-04	50	4	0	4	2	459	0	0	249	152	222
226	2013-04-05	60	5	0	4	2	460	0	0	215	115	196
108	2013-04-06	44	6	1	4	2	461	0	0	226	111	157
150	2013-04-07	66	0	1	4	2	462	0	0	108	107	172
288	2013-04-08	72	1	0	4	2	463	0	0	150	351	334
255	2013-04-09	68	2	0	4	2	464	0	0	288	236	247
256	2013-04-10	67	3	0	4	2	465	0	0	255	249	221
312	2013-04-11	102	4	0	4	2	466	0	0	256	215	233
197	2013-04-12	52	5	0	4	2	467	0	0	312	226	215
99	2013-04-13	37	6	1	4	2	468	0	0	197	108	117
149	2013-04-14	68	0	1	4	2	469	0	0	99	150	145
241	2013-04-15	68	1	0	4	2	470	0	0	149	288	270
242	2013-04-16	58	2	0	4	2	471	0	0	241	255	205
173	2013-04-17	47	3	0	4	2	472	0	0	242	256	241
187	2013-04-18	54	4	0	4	2	473	0	0	173	312	185
182	2013-04-19	46	5	0	4	2	474	0	0	187	197	195
142	2013-04-20	63	6	1	4	2	475	0	0	182	99	114
167	2013-04-21	75	0	1	4	2	476	1	1	142	149	139
270	2013-04-22	67	1	0	4	2	477	0	0	167	241	312
196	2013-04-23	54	2	0	4	2	478	0	0	270	242	211
207	2013-04-24	39	3	0	4	2	479	0	0	196	173	178
240	2013-04-25	59	4	0	4	2	480	0	0	207	187	152
181	2013-04-26	47	5	0	4	2	481	0	0	240	182	115
92	2013-04-27	30	6	1	4	2	482	0	0	181	142	111
148	2013-04-28	62	0	1	4	2	483	0	0	92	167	107
274	2013-04-29	76	1	0	4	2	484	0	0	148	270	351
235	2013-04-30	62	2	0	4	2	485	0	0	274	196	236
114	2013-05-01	43	3	0	5	2	486	1	1	235	207	249
264	2013-05-02	71	4	0	5	2	487	0	0	114	240	215
222	2013-05-03	71	5	0	5	2	488	0	0	264	181	226
131	2013-05-04	62	6	1	5	2	489	0	0	222	92	108
139	2013-05-05	64	0	1	5	2	490	0	0	131	148	150
288	2013-05-06	83	1	0	5	2	491	0	0	139	274	288
272	2013-05-07	95	2	0	5	2	492	0	0	288	235	255
232	2013-05-08	78	3	0	5	2	493	0	0	272	114	256
214	2013-05-09	50	4	0	5	2	494	0	0	232	264	312
174	2013-05-10	53	5	0	5	2	495	0	0	214	222	197
136	2013-05-11	53	6	1	5	2	496	0	0	174	131	99
117	2013-05-12	57	0	1	5	2	497	1	0	136	139	149
288	2013-05-13	95	1	0	5	2	498	0	0	117	288	241
203	2013-05-14	49	2	0	5	2	499	0	0	288	272	242
225	2013-05-15	58	3	0	5	2	500	0	0	203	232	173
236	2013-05-16	86	4	0	5	2	501	0	0	225	214	187
217	2013-05-17	81	5	0	5	2	502	0	0	236	174	182
103	2013-05-18	41	6	1	5	2	503	0	0	217	136	142
146	2013-05-19	66	0	1	5	2	504	0	0	103	117	167
300	2013-05-20	86	1	0	5	2	505	0	0	146	288	270
278	2013-05-21	70	2	0	5	2	506	0	0	300	203	196
258	2013-05-22	68	3	0	5	2	507	0	0	278	225	207
265	2013-05-23	71	4	0	5	2	508	0	0	258	236	240
198	2013-05-24	67	5	0	5	2	509	0	0	265	217	181
106	2013-05-25	41	6	1	5	2	510	0	0	198	103	92
110	2013-05-26	40	0	1	5	2	511	0	0	106	146	148
341	2013-05-27	115	1	0	5	2	512	0	0	110	300	274
227	2013-05-28	81	2	0	5	2	513	0	0	341	278	235
196	2013-05-29	60	3	0	5	2	514	0	0	227	258	114
94	2013-05-30	39	4	0	5	2	515	1	1	196	265	264
121	2013-05-31	43	5	0	5	2	516	0	0	94	198	222
102	2013-06-01	36	6	1	6	2	517	0	0	121	106	131
118	2013-06-02	54	0	1	6	2	518	0	0	102	110	139
285	2013-06-03	88	1	0	6	2	519	0	0	118	341	288
244	2013-06-04	68	2	0	6	2	520	0	0	285	227	272
237	2013-06-05	63	3	0	6	2	521	0	0	244	196	232
260	2013-06-06	69	4	0	6	2	522	0	0	237	94	214
213	2013-06-07	75	5	0	6	2	523	0	0	260	121	174
121	2013-06-08	48	6	1	6	2	524	0	0	213	102	136
119	2013-06-09	59	0	1	6	2	525	0	0	121	118	117
318	2013-06-10	109	1	0	6	2	526	0	0	119	285	288
241	2013-06-11	59	2	0	6	2	527	0	0	318	244	203
200	2013-06-12	48	3	0	6	2	528	1	0	241	237	225
218	2013-06-13	47	4	0	6	2	529	0	0	200	260	236
208	2013-06-14	53	5	0	6	2	530	0	0	218	213	217
129	2013-06-15	58	6	1	6	2	531	0	0	208	121	103
156	2013-06-16	73	0	1	6	2	532	0	0	129	119	146
325	2013-06-17	109	1	0	6	2	533	0	0	156	318	300
228	2013-06-18	64	2	0	6	2	534	0	0	325	241	278
231	2013-06-19	70	3	0	6	2	535	0	0	228	200	258
257	2013-06-20	65	4	0	6	2	536	0	0	231	218	265
168	2013-06-21	38	5	0	6	2	537	1	0	257	208	198
127	2013-06-22	42	6	1	6	2	538	0	0	168	129	106
130	2013-06-23	53	0	1	6	2	539	0	0	127	156	110
226	2013-06-24	86	1	0	6	2	540	0	0	130	325	341
273	2013-06-25	76	2	0	6	2	541	0	0	226	228	227
208	2013-06-26	54	3	0	6	2	542	0	0	273	231	196
167	2013-06-27	57	4	0	6	2	543	0	0	208	257	94
211	2013-06-28	65	5	0	6	2	544	0	0	167	168	121
120	2013-06-29	44	6	1	6	2	545	0	0	211	127	102
124	2013-06-30	50	0	1	6	2	546	0	0	120	130	118
302	2013-07-01	87	1	0	7	3	547	0	0	124	226	285
228	2013-07-02	61	2	0	7	3	548	0	0	302	273	244
189	2013-07-03	49	3	0	7	3	549	0	0	228	208	237
205	2013-07-04	59	4	0	7	3	550	0	0	189	167	260
161	2013-07-05	42	5	0	7	3	551	0	0	205	211	213
96	2013-07-06	36	6	1	7	3	552	0	0	161	120	121
149	2013-07-07	59	0	1	7	3	553	0	0	96	124	119
259	2013-07-08	88	1	0	7	3	554	0	0	149	302	318
212	2013-07-09	81	2	0	7	3	555	0	0	259	228	241
241	2013-07-10	67	3	0	7	3	556	0	0	212	189	200
197	2013-07-11	56	4	0	7	3	557	0	0	241	205	218
176	2013-07-12	44	5	0	7	3	558	0	0	197	161	208
79	2013-07-13	29	6	1	7	3	559	0	0	176	96	129
117	2013-07-14	49	0	1	7	3	560	0	0	79	149	156
284	2013-07-15	99	1	0	7	3	561	0	0	117	259	325
216	2013-07-16	59	2	0	7	3	562	0	0	284	212	228
239	2013-07-17	61	3	0	7	3	563	0	0	216	241	231
209	2013-07-18	50	4	0	7	3	564	0	0	239	197	257
251	2013-07-19	85	5	0	7	3	565	0	0	209	176	168
123	2013-07-20	50	6	1	7	3	566	0	0	251	79	127
142	2013-07-21	56	0	1	7	3	567	0	0	123	117	130
261	2013-07-22	90	1	0	7	3	568	0	0	142	284	226
236	2013-07-23	69	2	0	7	3	569	0	0	261	216	273
168	2013-07-24	35	3	0	7	3	570	0	0	236	239	208
171	2013-07-25	49	4	0	7	3	571	0	0	168	209	167
150	2013-07-26	42	5	0	7	3	572	0	0	171	251	211
126	2013-07-27	46	6	1	7	3	573	0	0	150	123	120
142	2013-07-28	58	0	1	7	3	574	0	0	126	142	124
260	2013-07-29	96	1	0	7	3	575	0	0	142	261	302
221	2013-07-30	70	2	0	7	3	576	0	0	260	236	228
194	2013-07-31	58	3	0	7	3	577	0	0	221	168	189
204	2013-08-01	52	4	0	8	3	578	0	0	194	171	205
216	2013-08-02	55	5	0	8	3	579	0	0	204	150	161
124	2013-08-03	55	6	1	8	3	580	0	0	216	126	96
168	2013-08-04	94	0	1	8	3	581	0	0	124	142	149
297	2013-08-05	91	1	0	8	3	582	0	0	168	260	259
241	2013-08-06	68	2	0	8	3	583	0	0	297	221	212
224	2013-08-07	55	3	0	8	3	584	0	0	241	194	241
202	2013-08-08	64	4	0	8	3	585	0	0	224	204	197
230	2013-08-09	59	5	0	8	3	586	0	0	202	216	176
160	2013-08-10	61	6	1	8	3	587	0	0	230	124	79
180	2013-08-11	74	0	1	8	3	588	1	0	160	168	117
315	2013-08-12	100	1	0	8	3	589	0	0	180	297	284
239	2013-08-13	82	2	0	8	3	590	0	0	315	241	216
206	2013-08-14	51	3	0	8	3	591	0	0	239	224	239
223	2013-08-15	60	4	0	8	3	592	0	0	206	202	209
188	2013-08-16	62	5	0	8	3	593	0	0	223	230	251
116	2013-08-17	43	6	1	8	3	594	0	0	188	160	123
136	2013-08-18	68	0	1	8	3	595	0	0	116	180	142
295	2013-08-19	93	1	0	8	3	596	0	0	136	315	261
229	2013-08-20	55	2	0	8	3	597	0	0	295	239	236
204	2013-08-21	47	3	0	8	3	598	0	0	229	206	168
202	2013-08-22	63	4	0	8	3	599	0	0	204	223	171
203	2013-08-23	49	5	0	8	3	600	0	0	202	188	150
136	2013-08-24	54	6	1	8	3	601	0	0	203	116	126
160	2013-08-25	72	0	1	8	3	602	0	0	136	136	142
327	2013-08-26	107	1	0	8	3	603	0	0	160	295	260
240	2013-08-27	66	2	0	8	3	604	0	0	327	229	221
226	2013-08-28	61	3	0	8	3	605	0	0	240	204	194
210	2013-08-29	67	4	0	8	3	606	0	0	226	202	204
215	2013-08-30	46	5	0	8	3	607	0	0	210	203	216
132	2013-08-31	59	6	1	8	3	608	0	0	215	136	124
160	2013-09-01	82	0	1	9	3	609	0	0	132	160	168
352	2013-09-02	114	1	0	9	3	610	0	0	160	327	297
267	2013-09-03	74	2	0	9	3	611	0	0	352	240	241
222	2013-09-04	52	3	0	9	3	612	0	0	267	226	224
208	2013-09-05	52	4	0	9	3	613	0	0	222	210	202
246	2013-09-06	69	5	0	9	3	614	0	0	208	215	230
148	2013-09-07	57	6	1	9	3	615	1	1	246	132	160
182	2013-09-08	73	0	1	9	3	616	0	0	148	160	180
298	2013-09-09	80	1	0	9	3	617	0	0	182	352	315
253	2013-09-10	61	2	0	9	3	618	0	0	298	267	239
213	2013-09-11	75	3	0	9	3	619	0	0	253	222	206
251	2013-09-12	80	4	0	9	3	620	0	0	213	208	223
216	2013-09-13	59	5	0	9	3	621	0	0	251	246	188
141	2013-09-14	61	6	1	9	3	622	0	0	216	148	116
145	2013-09-15	67	0	1	9	3	623	0	0	141	182	136
311	2013-09-16	105	1	0	9	3	624	0	0	145	298	295
221	2013-09-17	49	2	0	9	3	625	0	0	311	253	229
256	2013-09-18	70	3	0	9	3	626	0	0	221	213	204
242	2013-09-19	65	4	0	9	3	627	0	0	256	251	202
193	2013-09-20	66	5	0	9	3	628	0	0	242	216	203
156	2013-09-21	51	6	1	9	3	629	0	0	193	141	136
156	2013-09-22	76	0	1	9	3	630	1	0	156	145	160
315	2013-09-23	96	1	0	9	3	631	0	0	156	311	327
243	2013-09-24	74	2	0	9	3	632	0	0	315	221	240
232	2013-09-25	69	3	0	9	3	633	0	0	243	256	226
252	2013-09-26	54	4	0	9	3	634	0	0	232	242	210
207	2013-09-27	56	5	0	9	3	635	0	0	252	193	215
149	2013-09-28	61	6	1	9	3	636	0	0	207	156	132
158	2013-09-29	72	0	1	9	3	637	0	0	149	156	160
295	2013-09-30	88	1	0	9	3	638	0	0	158	315	352
228	2013-10-01	62	2	0	10	4	639	0	0	295	243	267
246	2013-10-02	63	3	0	10	4	640	0	0	228	232	222
235	2013-10-03	56	4	0	10	4	641	0	0	246	252	208
226	2013-10-04	56	5	0	10	4	642	0	0	235	207	246
141	2013-10-05	56	6	1	10	4	643	0	0	226	149	148
180	2013-10-06	86	0	1	10	4	644	0	0	141	158	182
291	2013-10-07	86	1	0	10	4	645	0	0	180	295	298
226	2013-10-08	62	2	0	10	4	646	0	0	291	228	253
237	2013-10-09	67	3	0	10	4	647	0	0	226	246	213
269	2013-10-10	71	4	0	10	4	648	0	0	237	235	251
223	2013-10-11	71	5	0	10	4	649	0	0	269	226	216
141	2013-10-12	54	6	1	10	4	650	1	1	223	141	141
131	2013-10-13	51	0	1	10	4	651	0	0	141	180	145
285	2013-10-14	92	1	0	10	4	652	0	0	131	291	311
274	2013-10-15	73	2	0	10	4	653	1	0	285	226	221
249	2013-10-16	78	3	0	10	4	654	0	0	274	237	256
212	2013-10-17	56	4	0	10	4	655	0	0	249	269	242
233	2013-10-18	66	5	0	10	4	656	0	0	212	223	193
137	2013-10-19	61	6	1	10	4	657	0	0	233	141	156
188	2013-10-20	81	0	1	10	4	658	0	0	137	131	156
344	2013-10-21	116	1	0	10	4	659	0	0	188	285	315
291	2013-10-22	84	2	0	10	4	660	0	0	344	274	243
274	2013-10-23	84	3	0	10	4	661	0	0	291	249	232
225	2013-10-24	56	4	0	10	4	662	0	0	274	212	252
226	2013-10-25	64	5	0	10	4	663	0	0	225	233	207
146	2013-10-26	62	6	1	10	4	664	0	0	226	137	149
151	2013-10-27	71	0	1	10	4	665	0	0	146	188	158
208	2013-10-28	68	1	0	10	4	666	1	0	151	344	295
257	2013-10-29	72	2	0	10	4	667	0	0	208	291	228
247	2013-10-30	68	3	0	10	4	668	0	0	257	274	246
260	2013-10-31	72	4	0	10	4	669	0	0	247	225	235
286	2013-11-01	84	5	0	11	4	670	0	0	260	226	226
176	2013-11-02	78	6	1	11	4	671	1	1	286	146	141
166	2013-11-03	70	0	1	11	4	672	0	0	176	151	180
324	2013-11-04	116	1	0	11	4	673	0	0	166	208	291
267	2013-11-05	91	2	0	11	4	674	0	0	324	257	226
213	2013-11-06	50	3	0	11	4	675	0	0	267	247	237
235	2013-11-07	63	4	0	11	4	676	0	0	213	260	269
216	2013-11-08	77	5	0	11	4	677	0	0	235	286	223
166	2013-11-09	76	6	1	11	4	678	0	0	216	176	141
183	2013-11-10	89	0	1	11	4	679	0	0	166	166	131
307	2013-11-11	77	1	0	11	4	680	0	0	183	324	285
266	2013-11-12	76	2	0	11	4	681	0	0	307	267	274
213	2013-11-13	53	3	0	11	4	682	0	0	266	213	249
225	2013-11-14	61	4	0	11	4	683	0	0	213	235	212
152	2013-11-15	59	5	0	11	4	684	1	1	225	216	233
183	2013-11-16	81	6	1	11	4	685	0	0	152	166	137
162	2013-11-17	82	0	1	11	4	686	0	0	183	183	188
308	2013-11-18	90	1	0	11	4	687	0	0	162	307	344
257	2013-11-19	78	2	0	11	4	688	0	0	308	266	291
258	2013-11-20	63	3	0	11	4	689	1	0	257	213	274
234	2013-11-21	76	4	0	11	4	690	0	0	258	225	225
233	2013-11-22	74	5	0	11	4	691	0	0	234	152	226
142	2013-11-23	54	6	1	11	4	692	0	0	233	183	146
177	2013-11-24	82	0	1	11	4	693	0	0	142	162	151
315	2013-11-25	91	1	0	11	4	694	0	0	177	308	208
249	2013-11-26	79	2	0	11	4	695	0	0	315	257	257
243	2013-11-27	70	3	0	11	4	696	0	0	249	258	247
221	2013-11-28	67	4	0	11	4	697	0	0	243	234	260
224	2013-11-29	62	5	0	11	4	698	0	0	221	233	286
166	2013-11-30	69	6	1	11	4	699	0	0	224	142	176
198	2013-12-01	96	0	1	12	4	700	0	0	166	177	166
345	2013-12-02	101	1	0	12	4	701	0	0	198	315	324
278	2013-12-03	71	2	0	12	4	702	0	0	345	249	267
251	2013-12-04	64	3	0	12	4	703	0	0	278	243	213
233	2013-12-05	71	4	0	12	4	704	0	0	251	221	235
252	2013-12-06	70	5	0	12	4	705	0	0	233	224	216
137	2013-12-07	56	6	1	12	4	706	0	0	252	166	166
189	2013-12-08	78	0	1	12	4	707	0	0	137	198	183
333	2013-12-09	101	1	0	12	4	708	0	0	189	345	307
249	2013-12-10	64	2	0	12	4	709	0	0	333	278	266
216	2013-12-11	66	3	0	12	4	710	0	0	249	251	213
229	2013-12-12	56	4	0	12	4	711	0	0	216	233	225
269	2013-12-13	83	5	0	12	4	712	0	0	229	252	152
128	2013-12-14	49	6	1	12	4	713	0	0	269	137	183
159	2013-12-15	73	0	1	12	4	714	0	0	128	189	162
315	2013-12-16	97	1	0	12	4	715	0	0	159	333	308
200	2013-12-17	63	2	0	12	4	716	0	0	315	249	257
217	2013-12-18	66	3	0	12	4	717	0	0	200	216	258
205	2013-12-19	63	4	0	12	4	718	0	0	217	229	234
210	2013-12-20	72	5	0	12	4	719	0	0	205	269	233
131	2013-12-21	67	6	1	12	4	720	1	0	210	128	142
150	2013-12-22	63	0	1	12	4	721	0	0	131	159	177
216	2013-12-23	80	1	0	12	4	722	0	0	150	315	315
104	2013-12-24	43	2	0	12	4	723	1	0	216	200	249
187	2013-12-25	123	3	0	12	4	724	1	1	104	217	243
256	2013-12-26	88	4	0	12	4	725	0	0	187	205	221
215	2013-12-27	70	5	0	12	4	726	0	0	256	210	224
150	2013-12-28	55	6	1	12	4	727	0	0	215	131	166
144	2013-12-29	69	0	1	12	4	728	0	0	150	150	198
222	2013-12-30	73	1	0	12	4	729	0	0	144	216	345
134	2013-12-31	49	2	0	12	4	730	1	0	222	104	278
259	2014-01-01	134	3	0	1	1	731	1	1	134	187	251
231	2014-01-02	87	4	0	1	1	732	0	0	259	256	233
249	2014-01-03	80	5	0	1	1	733	0	0	231	215	252
111	2014-01-04	47	6	1	1	1	734	0	0	249	150	137
161	2014-01-05	64	0	1	1	1	735	0	0	111	144	189
297	2014-01-06	81	1	0	1	1	736	0	0	161	222	333
226	2014-01-07	61	2	0	1	1	737	0	0	297	134	249
209	2014-01-08	63	3	0	1	1	738	0	0	226	259	216
229	2014-01-09	79	4	0	1	1	739	0	0	209	231	229
204	2014-01-10	70	5	0	1	1	740	0	0	229	249	269
155	2014-01-11	76	6	1	1	1	741	0	0	204	111	128
157	2014-01-12	73	0	1	1	1	742	0	0	155	161	159
284	2014-01-13	88	1	0	1	1	743	0	0	157	297	315
246	2014-01-14	60	2	0	1	1	744	0	0	284	226	200
217	2014-01-15	51	3	0	1	1	745	0	0	246	209	217
194	2014-01-16	64	4	0	1	1	746	0	0	217	229	205
221	2014-01-17	68	5	0	1	1	747	0	0	194	204	210
134	2014-01-18	52	6	1	1	1	748	0	0	221	155	131
187	2014-01-19	84	0	1	1	1	749	0	0	134	157	150
316	2014-01-20	109	1	0	1	1	750	0	0	187	284	216
219	2014-01-21	67	2	0	1	1	751	0	0	316	246	104
219	2014-01-22	81	3	0	1	1	752	0	0	219	217	187
181	2014-01-23	51	4	0	1	1	753	0	0	219	194	256
231	2014-01-24	75	5	0	1	1	754	0	0	181	221	215
147	2014-01-25	62	6	1	1	1	755	0	0	231	134	150
177	2014-01-26	81	0	1	1	1	756	0	0	147	187	144
292	2014-01-27	103	1	0	1	1	757	0	0	177	316	222
255	2014-01-28	91	2	0	1	1	758	0	0	292	219	134
242	2014-01-29	79	3	0	1	1	759	0	0	255	219	259
226	2014-01-30	77	4	0	1	1	760	0	0	242	181	231
200	2014-01-31	59	5	0	1	1	761	0	0	226	231	249
176	2014-02-01	76	6	1	2	1	762	0	0	200	147	111
190	2014-02-02	77	0	1	2	1	763	0	0	176	177	161
343	2014-02-03	122	1	0	2	1	764	0	0	190	292	297
260	2014-02-04	56	2	0	2	1	765	0	0	343	255	226
262	2014-02-05	88	3	0	2	1	766	0	0	260	242	209
235	2014-02-06	67	4	0	2	1	767	0	0	262	226	229
254	2014-02-07	80	5	0	2	1	768	0	0	235	200	204
157	2014-02-08	74	6	1	2	1	769	0	0	254	176	155
181	2014-02-09	97	0	1	2	1	770	0	0	157	190	157
337	2014-02-10	114	1	0	2	1	771	0	0	181	343	284
243	2014-02-11	72	2	0	2	1	772	0	0	337	260	246
281	2014-02-12	80	3	0	2	1	773	0	0	243	262	217
232	2014-02-13	71	4	0	2	1	774	0	0	281	235	194
232	2014-02-14	74	5	0	2	1	775	0	0	232	254	221
154	2014-02-15	66	6	1	2	1	776	0	0	232	157	134
165	2014-02-16	68	0	1	2	1	777	0	0	154	181	187
304	2014-02-17	87	1	0	2	1	778	0	0	165	337	316
303	2014-02-18	84	2	0	2	1	779	0	0	304	243	219
220	2014-02-19	69	3	0	2	1	780	0	0	303	281	219
236	2014-02-20	61	4	0	2	1	781	0	0	220	232	181
241	2014-02-21	61	5	0	2	1	782	0	0	236	232	231
147	2014-02-22	64	6	1	2	1	783	0	0	241	154	147
201	2014-02-23	100	0	1	2	1	784	0	0	147	165	177
293	2014-02-24	103	1	0	2	1	785	0	0	201	304	292
255	2014-02-25	68	2	0	2	1	786	0	0	293	303	255
230	2014-02-26	73	3	0	2	1	787	0	0	255	220	242
221	2014-02-27	65	4	0	2	1	788	0	0	230	236	226
239	2014-02-28	76	5	0	2	1	789	1	0	221	241	200
152	2014-03-01	66	6	1	3	1	790	1	0	239	147	176
161	2014-03-02	90	0	1	3	1	791	1	0	152	201	190
169	2014-03-03	86	1	0	3	1	792	1	0	161	293	343
156	2014-03-04	69	2	0	3	1	793	1	0	169	255	260
181	2014-03-05	59	3	0	3	1	794	1	0	156	230	262
264	2014-03-06	92	4	0	3	1	795	0	0	181	221	235
288	2014-03-07	75	5	0	3	1	796	0	0	264	239	254
111	2014-03-08	51	6	1	3	1	797	0	0	288	152	157
178	2014-03-09	86	0	1	3	1	798	0	0	111	161	181
328	2014-03-10	104	1	0	3	1	799	0	0	178	169	337
234	2014-03-11	50	2	0	3	1	800	0	0	328	156	243
271	2014-03-12	77	3	0	3	1	801	0	0	234	181	281
257	2014-03-13	61	4	0	3	1	802	0	0	271	264	232
236	2014-03-14	76	5	0	3	1	803	0	0	257	288	232
133	2014-03-15	56	6	1	3	1	804	0	0	236	111	154
183	2014-03-16	82	0	1	3	1	805	0	0	133	178	165
339	2014-03-17	102	1	0	3	1	806	0	0	183	328	304
258	2014-03-18	76	2	0	3	1	807	0	0	339	234	303
207	2014-03-19	55	3	0	3	1	808	0	0	258	271	220
266	2014-03-20	84	4	0	3	1	809	1	0	207	257	236
214	2014-03-21	62	5	0	3	1	810	0	0	266	236	241
132	2014-03-22	55	6	1	3	1	811	0	0	214	133	147
177	2014-03-23	77	0	1	3	1	812	0	0	132	183	201
304	2014-03-24	90	1	0	3	1	813	0	0	177	339	293
242	2014-03-25	59	2	0	3	1	814	0	0	304	258	255
238	2014-03-26	67	3	0	3	1	815	0	0	242	207	230
187	2014-03-27	40	4	0	3	1	816	0	0	238	266	221
227	2014-03-28	62	5	0	3	1	817	0	0	187	214	239
163	2014-03-29	68	6	1	3	1	818	0	0	227	132	152
165	2014-03-30	78	0	1	3	1	819	0	0	163	177	161
303	2014-03-31	102	1	0	3	1	820	0	0	165	304	169
278	2014-04-01	64	2	0	4	2	821	0	0	303	242	156
263	2014-04-02	83	3	0	4	2	822	0	0	278	238	181
250	2014-04-03	80	4	0	4	2	823	0	0	263	187	264
278	2014-04-04	82	5	0	4	2	824	0	0	250	227	288
148	2014-04-05	55	6	1	4	2	825	0	0	278	163	111
199	2014-04-06	89	0	1	4	2	826	0	0	148	165	178
316	2014-04-07	103	1	0	4	2	827	0	0	199	303	328
280	2014-04-08	77	2	0	4	2	828	0	0	316	278	234
249	2014-04-09	99	3	0	4	2	829	0	0	280	263	271
271	2014-04-10	87	4	0	4	2	830	0	0	249	250	257
217	2014-04-11	53	5	0	4	2	831	0	0	271	278	236
140	2014-04-12	67	6	1	4	2	832	0	0	217	148	133
159	2014-04-13	75	0	1	4	2	833	0	0	140	199	183
280	2014-04-14	94	1	0	4	2	834	0	0	159	316	339
258	2014-04-15	77	2	0	4	2	835	0	0	280	280	258
217	2014-04-16	71	3	0	4	2	836	0	0	258	249	207
187	2014-04-17	44	4	0	4	2	837	0	0	217	271	266
172	2014-04-18	69	5	0	4	2	838	1	1	187	217	214
126	2014-04-19	54	6	1	4	2	839	0	0	172	140	132
193	2014-04-20	91	0	1	4	2	840	1	0	126	159	177
142	2014-04-21	58	1	0	4	2	841	1	1	193	280	304
323	2014-04-22	79	2	0	4	2	842	0	0	142	258	242
201	2014-04-23	45	3	0	4	2	843	0	0	323	217	238
261	2014-04-24	73	4	0	4	2	844	0	0	201	187	187
231	2014-04-25	48	5	0	4	2	845	0	0	261	172	227
131	2014-04-26	58	6	1	4	2	846	0	0	231	126	163
149	2014-04-27	71	0	1	4	2	847	0	0	131	193	165
268	2014-04-28	86	1	0	4	2	848	0	0	149	142	303
216	2014-04-29	69	2	0	4	2	849	0	0	268	323	278
187	2014-04-30	52	3	0	4	2	850	0	0	216	201	263
97	2014-05-01	34	4	0	5	2	851	1	1	187	261	250
174	2014-05-02	38	5	0	5	2	852	0	0	97	231	278
137	2014-05-03	49	6	1	5	2	853	0	0	174	131	148
157	2014-05-04	64	0	1	5	2	854	0	0	137	149	199
229	2014-05-05	82	1	0	5	2	855	0	0	157	268	316
240	2014-05-06	73	2	0	5	2	856	0	0	229	216	280
209	2014-05-07	53	3	0	5	2	857	0	0	240	187	249
196	2014-05-08	53	4	0	5	2	858	0	0	209	97	271
199	2014-05-09	39	5	0	5	2	859	0	0	196	174	217
130	2014-05-10	53	6	1	5	2	860	0	0	199	137	140
117	2014-05-11	54	0	1	5	2	861	1	0	130	157	159
294	2014-05-12	98	1	0	5	2	862	0	0	117	229	280
214	2014-05-13	64	2	0	5	2	863	0	0	294	240	258
209	2014-05-14	50	3	0	5	2	864	0	0	214	209	217
226	2014-05-15	60	4	0	5	2	865	0	0	209	196	187
177	2014-05-16	61	5	0	5	2	866	0	0	226	199	172
133	2014-05-17	52	6	1	5	2	867	0	0	177	130	126
176	2014-05-18	77	0	1	5	2	868	0	0	133	117	193
269	2014-05-19	75	1	0	5	2	869	0	0	176	294	142
259	2014-05-20	40	2	0	5	2	870	0	0	269	214	323
210	2014-05-21	56	3	0	5	2	871	0	0	259	209	201
209	2014-05-22	57	4	0	5	2	872	0	0	210	226	261
201	2014-05-23	60	5	0	5	2	873	0	0	209	177	231
122	2014-05-24	51	6	1	5	2	874	0	0	201	133	131
126	2014-05-25	60	0	1	5	2	875	0	0	122	176	149
254	2014-05-26	84	1	0	5	2	876	0	0	126	269	268
234	2014-05-27	54	2	0	5	2	877	0	0	254	259	216
182	2014-05-28	50	3	0	5	2	878	0	0	234	210	187
226	2014-05-29	59	4	0	5	2	879	0	0	182	209	97
214	2014-05-30	50	5	0	5	2	880	0	0	226	201	174
121	2014-05-31	55	6	1	5	2	881	0	0	214	122	137
185	2014-06-01	84	0	1	6	2	882	0	0	121	126	157
293	2014-06-02	70	1	0	6	2	883	0	0	185	254	229
233	2014-06-03	67	2	0	6	2	884	0	0	293	234	240
186	2014-06-04	49	3	0	6	2	885	0	0	233	182	209
240	2014-06-05	65	4	0	6	2	886	0	0	186	226	196
224	2014-06-06	60	5	0	6	2	887	0	0	240	214	199
132	2014-06-07	56	6	1	6	2	888	0	0	224	121	130
158	2014-06-08	73	0	1	6	2	889	0	0	132	185	117
302	2014-06-09	98	1	0	6	2	890	0	0	158	293	294
226	2014-06-10	58	2	0	6	2	891	0	0	302	233	214
215	2014-06-11	53	3	0	6	2	892	0	0	226	186	209
266	2014-06-12	80	4	0	6	2	893	1	0	215	240	226
300	2014-06-13	109	5	0	6	2	894	0	0	266	224	177
154	2014-06-14	56	6	1	6	2	895	0	0	300	132	133
138	2014-06-15	58	0	1	6	2	896	0	0	154	158	176
330	2014-06-16	99	1	0	6	2	897	0	0	138	302	269
218	2014-06-17	75	2	0	6	2	898	0	0	330	226	259
300	2014-06-18	101	3	0	6	2	899	0	0	218	215	210
120	2014-06-19	45	4	0	6	2	900	1	0	300	266	209
196	2014-06-20	58	5	0	6	2	901	0	0	120	300	201
135	2014-06-21	46	6	1	6	2	902	1	0	196	154	122
165	2014-06-22	66	0	1	6	2	903	0	0	135	138	126
269	2014-06-23	95	1	0	6	2	904	0	0	165	330	254
225	2014-06-24	65	2	0	6	2	905	0	0	269	218	234
240	2014-06-25	68	3	0	6	2	906	0	0	225	300	182
276	2014-06-26	74	4	0	6	2	907	0	0	240	120	226
233	2014-06-27	65	5	0	6	2	908	0	0	276	196	214
169	2014-06-28	78	6	1	6	2	909	0	0	233	135	121
155	2014-06-29	70	0	1	6	2	910	0	0	169	165	185
336	2014-06-30	119	1	0	6	2	911	0	0	155	269	293
261	2014-07-01	82	2	0	7	3	912	0	0	336	225	233
215	2014-07-02	78	3	0	7	3	913	0	0	261	240	186
268	2014-07-03	65	4	0	7	3	914	0	0	215	276	240
245	2014-07-04	84	5	0	7	3	915	0	0	268	233	224
176	2014-07-05	87	6	1	7	3	916	0	0	245	169	132
151	2014-07-06	67	0	1	7	3	917	0	0	176	155	158
343	2014-07-07	114	1	0	7	3	918	0	0	151	336	302
188	2014-07-08	71	2	0	7	3	919	0	0	343	261	226
221	2014-07-09	67	3	0	7	3	920	0	0	188	215	215
245	2014-07-10	67	4	0	7	3	921	0	0	221	268	266
254	2014-07-11	80	5	0	7	3	922	0	0	245	245	300
110	2014-07-12	47	6	1	7	3	923	0	0	254	176	154
178	2014-07-13	74	0	1	7	3	924	1	0	110	151	138
289	2014-07-14	85	1	0	7	3	925	0	0	178	343	330
232	2014-07-15	75	2	0	7	3	926	0	0	289	188	218
240	2014-07-16	63	3	0	7	3	927	0	0	232	221	300
247	2014-07-17	64	4	0	7	3	928	0	0	240	245	120
229	2014-07-18	68	5	0	7	3	929	0	0	247	254	196
125	2014-07-19	54	6	1	7	3	930	0	0	229	110	135
156	2014-07-20	70	0	1	7	3	931	0	0	125	178	165
275	2014-07-21	96	1	0	7	3	932	0	0	156	289	269
251	2014-07-22	67	2	0	7	3	933	0	0	275	232	225
245	2014-07-23	71	3	0	7	3	934	0	0	251	240	240
218	2014-07-24	63	4	0	7	3	935	0	0	245	247	276
198	2014-07-25	59	5	0	7	3	936	0	0	218	229	233
120	2014-07-26	48	6	1	7	3	937	0	0	198	125	169
131	2014-07-27	65	0	1	7	3	938	0	0	120	156	155
276	2014-07-28	79	1	0	7	3	939	0	0	131	275	336
239	2014-07-29	55	2	0	7	3	940	0	0	276	251	261
298	2014-07-30	73	3	0	7	3	941	0	0	239	245	215
248	2014-07-31	70	4	0	7	3	942	0	0	298	218	268
288	2014-08-01	86	5	0	8	3	943	0	0	248	198	245
144	2014-08-02	68	6	1	8	3	944	0	0	288	120	176
175	2014-08-03	69	0	1	8	3	945	0	0	144	131	151
337	2014-08-04	121	1	0	8	3	946	0	0	175	276	343
259	2014-08-05	76	2	0	8	3	947	0	0	337	239	188
224	2014-08-06	72	3	0	8	3	948	0	0	259	298	221
252	2014-08-07	61	4	0	8	3	949	0	0	224	248	245
290	2014-08-08	75	5	0	8	3	950	0	0	252	288	254
165	2014-08-09	62	6	1	8	3	951	0	0	290	144	110
194	2014-08-10	93	0	1	8	3	952	1	0	165	175	178
324	2014-08-11	105	1	0	8	3	953	0	0	194	337	289
283	2014-08-12	56	2	0	8	3	954	0	0	324	259	232
236	2014-08-13	56	3	0	8	3	955	0	0	283	224	240
243	2014-08-14	74	4	0	8	3	956	0	0	236	252	247
222	2014-08-15	54	5	0	8	3	957	0	0	243	290	229
137	2014-08-16	68	6	1	8	3	958	0	0	222	165	125
150	2014-08-17	65	0	1	8	3	959	0	0	137	194	156
400	2014-08-18	130	1	0	8	3	960	0	0	150	324	275
255	2014-08-19	78	2	0	8	3	961	0	0	400	283	251
248	2014-08-20	79	3	0	8	3	962	0	0	255	236	245
273	2014-08-21	72	4	0	8	3	963	0	0	248	243	218
280	2014-08-22	83	5	0	8	3	964	0	0	273	222	198
171	2014-08-23	93	6	1	8	3	965	0	0	280	137	120
164	2014-08-24	67	0	1	8	3	966	0	0	171	150	131
326	2014-08-25	102	1	0	8	3	967	0	0	164	400	276
279	2014-08-26	78	2	0	8	3	968	0	0	326	255	239
304	2014-08-27	72	3	0	8	3	969	0	0	279	248	298
276	2014-08-28	66	4	0	8	3	970	0	0	304	273	248
271	2014-08-29	88	5	0	8	3	971	0	0	276	280	288
161	2014-08-30	59	6	1	8	3	972	0	0	271	171	144
162	2014-08-31	81	0	1	8	3	973	0	0	161	164	175
302	2014-09-01	99	1	0	9	3	974	0	0	162	326	337
304	2014-09-02	101	2	0	9	3	975	0	0	302	279	259
301	2014-09-03	82	3	0	9	3	976	0	0	304	304	224
273	2014-09-04	84	4	0	9	3	977	0	0	301	276	252
237	2014-09-05	76	5	0	9	3	978	0	0	273	271	290
135	2014-09-06	69	6	1	9	3	979	0	0	237	161	165
177	2014-09-07	86	0	1	9	3	980	1	1	135	162	194
300	2014-09-08	97	1	0	9	3	981	0	0	177	302	324
268	2014-09-09	72	2	0	9	3	982	0	0	300	304	283
306	2014-09-10	86	3	0	9	3	983	0	0	268	301	236
233	2014-09-11	75	4	0	9	3	984	0	0	306	273	243
298	2014-09-12	81	5	0	9	3	985	0	0	233	237	222
148	2014-09-13	62	6	1	9	3	986	0	0	298	135	137
198	2014-09-14	109	0	1	9	3	987	0	0	148	177	150
405	2014-09-15	128	1	0	9	3	988	0	0	198	300	400
309	2014-09-16	85	2	0	9	3	989	0	0	405	268	255
267	2014-09-17	83	3	0	9	3	990	0	0	309	306	248
249	2014-09-18	66	4	0	9	3	991	0	0	267	233	273
228	2014-09-19	66	5	0	9	3	992	0	0	249	298	280
152	2014-09-20	66	6	1	9	3	993	0	0	228	148	171
184	2014-09-21	91	0	1	9	3	994	0	0	152	198	164
332	2014-09-22	104	1	0	9	3	995	1	0	184	405	326
291	2014-09-23	79	2	0	9	3	996	0	0	332	309	279
231	2014-09-24	48	3	0	9	3	997	0	0	291	267	304
264	2014-09-25	83	4	0	9	3	998	0	0	231	249	276
226	2014-09-26	80	5	0	9	3	999	0	0	264	228	271
146	2014-09-27	59	6	1	9	3	1000	0	0	226	152	161
180	2014-09-28	79	0	1	9	3	1001	0	0	146	184	162
321	2014-09-29	87	1	0	9	3	1002	0	0	180	332	302
303	2014-09-30	95	2	0	9	3	1003	0	0	321	291	304
263	2014-10-01	85	3	0	10	4	1004	0	0	303	231	301
230	2014-10-02	58	4	0	10	4	1005	0	0	263	264	273
249	2014-10-03	77	5	0	10	4	1006	0	0	230	226	237
126	2014-10-04	42	6	1	10	4	1007	0	0	249	146	135
143	2014-10-05	69	0	1	10	4	1008	0	0	126	180	177
302	2014-10-06	89	1	0	10	4	1009	0	0	143	321	300
270	2014-10-07	86	2	0	10	4	1010	0	0	302	303	268
289	2014-10-08	70	3	0	10	4	1011	0	0	270	263	306
246	2014-10-09	62	4	0	10	4	1012	0	0	289	230	233
265	2014-10-10	65	5	0	10	4	1013	0	0	246	249	298
160	2014-10-11	85	6	1	10	4	1014	0	0	265	126	148
195	2014-10-12	87	0	1	10	4	1015	1	1	160	143	198
370	2014-10-13	112	1	0	10	4	1016	0	0	195	302	405
274	2014-10-14	64	2	0	10	4	1017	0	0	370	270	309
257	2014-10-15	77	3	0	10	4	1018	1	0	274	289	267
280	2014-10-16	78	4	0	10	4	1019	0	0	257	246	249
225	2014-10-17	53	5	0	10	4	1020	0	0	280	265	228
146	2014-10-18	69	6	1	10	4	1021	0	0	225	160	152
162	2014-10-19	71	0	1	10	4	1022	0	0	146	195	184
388	2014-10-20	119	1	0	10	4	1023	0	0	162	370	332
284	2014-10-21	79	2	0	10	4	1024	0	0	388	274	291
252	2014-10-22	63	3	0	10	4	1025	0	0	284	257	231
237	2014-10-23	68	4	0	10	4	1026	0	0	252	280	264
262	2014-10-24	64	5	0	10	4	1027	0	0	237	225	226
154	2014-10-25	63	6	1	10	4	1028	0	0	262	146	146
160	2014-10-26	69	0	1	10	4	1029	0	0	154	162	180
248	2014-10-27	84	1	0	10	4	1030	0	0	160	388	321
295	2014-10-28	80	2	0	10	4	1031	1	0	248	284	303
267	2014-10-29	67	3	0	10	4	1032	0	0	295	252	263
257	2014-10-30	83	4	0	10	4	1033	0	0	267	237	230
219	2014-10-31	61	5	0	10	4	1034	0	0	257	262	249
182	2014-11-01	79	6	1	11	4	1035	0	0	219	154	126
190	2014-11-02	80	0	1	11	4	1036	1	1	182	160	143
386	2014-11-03	136	1	0	11	4	1037	0	0	190	248	302
293	2014-11-04	92	2	0	11	4	1038	0	0	386	295	270
268	2014-11-05	82	3	0	11	4	1039	0	0	293	267	289
271	2014-11-06	72	4	0	11	4	1040	0	0	268	257	246
250	2014-11-07	71	5	0	11	4	1041	0	0	271	219	265
187	2014-11-08	87	6	1	11	4	1042	0	0	250	182	160
194	2014-11-09	95	0	1	11	4	1043	0	0	187	190	195
353	2014-11-10	103	1	0	11	4	1044	0	0	194	386	370
279	2014-11-11	79	2	0	11	4	1045	0	0	353	293	274
254	2014-11-12	74	3	0	11	4	1046	0	0	279	268	257
282	2014-11-13	88	4	0	11	4	1047	0	0	254	271	280
229	2014-11-14	59	5	0	11	4	1048	0	0	282	250	225
147	2014-11-15	65	6	1	11	4	1049	1	1	229	187	146
168	2014-11-16	82	0	1	11	4	1050	0	0	147	194	162
316	2014-11-17	100	1	0	11	4	1051	0	0	168	353	388
291	2014-11-18	64	2	0	11	4	1052	0	0	316	279	284
281	2014-11-19	62	3	0	11	4	1053	0	0	291	254	252
267	2014-11-20	83	4	0	11	4	1054	1	0	281	282	237
213	2014-11-21	73	5	0	11	4	1055	0	0	267	229	262
153	2014-11-22	59	6	1	11	4	1056	0	0	213	147	154
162	2014-11-23	65	0	1	11	4	1057	0	0	153	168	160
308	2014-11-24	90	1	0	11	4	1058	0	0	162	316	248
278	2014-11-25	72	2	0	11	4	1059	0	0	308	291	295
270	2014-11-26	79	3	0	11	4	1060	0	0	278	281	267
256	2014-11-27	64	4	0	11	4	1061	0	0	270	267	257
267	2014-11-28	85	5	0	11	4	1062	0	0	256	213	219
155	2014-11-29	62	6	1	11	4	1063	0	0	267	153	182
183	2014-11-30	82	0	1	11	4	1064	0	0	155	162	190
349	2014-12-01	114	1	0	12	4	1065	0	0	183	308	386
272	2014-12-02	76	2	0	12	4	1066	0	0	349	278	293
284	2014-12-03	98	3	0	12	4	1067	0	0	272	270	268
284	2014-12-04	82	4	0	12	4	1068	0	0	284	256	271
276	2014-12-05	85	5	0	12	4	1069	0	0	284	267	250
153	2014-12-06	61	6	1	12	4	1070	0	0	276	155	187
178	2014-12-07	78	0	1	12	4	1071	0	0	153	183	194
294	2014-12-08	93	1	0	12	4	1072	0	0	178	349	353
333	2014-12-09	92	2	0	12	4	1073	0	0	294	272	279
285	2014-12-10	70	3	0	12	4	1074	0	0	333	284	254
214	2014-12-11	54	4	0	12	4	1075	0	0	285	284	282
244	2014-12-12	83	5	0	12	4	1076	0	0	214	276	229
152	2014-12-13	70	6	1	12	4	1077	0	0	244	153	147
207	2014-12-14	95	0	1	12	4	1078	0	0	152	178	168
342	2014-12-15	111	1	0	12	4	1079	0	0	207	294	316
241	2014-12-16	66	2	0	12	4	1080	0	0	342	333	291
219	2014-12-17	58	3	0	12	4	1081	0	0	241	285	281
247	2014-12-18	76	4	0	12	4	1082	0	0	219	214	267
204	2014-12-19	65	5	0	12	4	1083	0	0	247	244	213
177	2014-12-20	71	6	1	12	4	1084	0	0	204	152	153
185	2014-12-21	86	0	1	12	4	1085	1	0	177	207	162
293	2014-12-22	95	1	0	12	4	1086	0	0	185	342	308
223	2014-12-23	67	2	0	12	4	1087	0	0	293	241	278
143	2014-12-24	56	3	0	12	4	1088	1	0	223	219	270
196	2014-12-25	112	4	0	12	4	1089	1	1	143	247	256
215	2014-12-26	65	5	0	12	4	1090	0	0	196	204	267
131	2014-12-27	57	6	1	12	4	1091	0	0	215	177	155
194	2014-12-28	71	0	1	12	4	1092	0	0	131	185	183
286	2014-12-29	100	1	0	12	4	1093	0	0	194	293	349
237	2014-12-30	63	2	0	12	4	1094	0	0	286	223	272
182	2014-12-31	69	3	0	12	4	1095	1	0	237	143	284
277	2015-01-01	150	4	0	1	1	1096	1	1	182	196	284
200	2015-01-02	72	5	0	1	1	1097	0	0	277	215	276
145	2015-01-03	58	6	1	1	1	1098	0	0	200	131	153
153	2015-01-04	71	0	1	1	1	1099	0	0	145	194	178
328	2015-01-05	109	1	0	1	1	1100	0	0	153	286	294
275	2015-01-06	80	2	0	1	1	1101	0	0	328	237	333
244	2015-01-07	61	3	0	1	1	1102	0	0	275	182	285
240	2015-01-08	71	4	0	1	1	1103	0	0	244	277	214
224	2015-01-09	59	5	0	1	1	1104	0	0	240	200	244
143	2015-01-10	77	6	1	1	1	1105	0	0	224	145	152
157	2015-01-11	82	0	1	1	1	1106	0	0	143	153	207
349	2015-01-12	116	1	0	1	1	1107	0	0	157	328	342
247	2015-01-13	70	2	0	1	1	1108	0	0	349	275	241
214	2015-01-14	52	3	0	1	1	1109	0	0	247	244	219
240	2015-01-15	74	4	0	1	1	1110	0	0	214	240	247
257	2015-01-16	64	5	0	1	1	1111	0	0	240	224	204
168	2015-01-17	58	6	1	1	1	1112	0	0	257	143	177
165	2015-01-18	82	0	1	1	1	1113	0	0	168	157	185
339	2015-01-19	115	1	0	1	1	1114	0	0	165	349	293
270	2015-01-20	88	2	0	1	1	1115	0	0	339	247	223
258	2015-01-21	64	3	0	1	1	1116	0	0	270	214	143
256	2015-01-22	74	4	0	1	1	1117	0	0	258	240	196
235	2015-01-23	61	5	0	1	1	1118	0	0	256	257	215
147	2015-01-24	59	6	1	1	1	1119	0	0	235	168	131
194	2015-01-25	98	0	1	1	1	1120	0	0	147	165	194
299	2015-01-26	90	1	0	1	1	1121	0	0	194	339	286
293	2015-01-27	93	2	0	1	1	1122	0	0	299	270	237
244	2015-01-28	65	3	0	1	1	1123	0	0	293	258	182
217	2015-01-29	73	4	0	1	1	1124	0	0	244	256	277
258	2015-01-30	88	5	0	1	1	1125	0	0	217	235	200
127	2015-01-31	54	6	1	1	1	1126	0	0	258	147	145
166	2015-02-01	69	0	1	2	1	1127	0	0	127	194	153
295	2015-02-02	83	1	0	2	1	1128	0	0	166	299	328
287	2015-02-03	78	2	0	2	1	1129	0	0	295	293	275
229	2015-02-04	54	3	0	2	1	1130	0	0	287	244	244
244	2015-02-05	74	4	0	2	1	1131	0	0	229	217	240
249	2015-02-06	59	5	0	2	1	1132	0	0	244	258	224
143	2015-02-07	76	6	1	2	1	1133	0	0	249	127	143
190	2015-02-08	89	0	1	2	1	1134	0	0	143	166	157
399	2015-02-09	120	1	0	2	1	1135	0	0	190	295	349
248	2015-02-10	65	2	0	2	1	1136	0	0	399	287	247
277	2015-02-11	81	3	0	2	1	1137	0	0	248	229	214
281	2015-02-12	68	4	0	2	1	1138	0	0	277	244	240
269	2015-02-13	74	5	0	2	1	1139	1	0	281	249	257
164	2015-02-14	80	6	1	2	1	1140	1	0	269	143	168
193	2015-02-15	100	0	1	2	1	1141	1	0	164	190	165
170	2015-02-16	64	1	0	2	1	1142	1	0	193	399	339
186	2015-02-17	70	2	0	2	1	1143	1	0	170	248	270
236	2015-02-18	82	3	0	2	1	1144	1	0	186	277	258
329	2015-02-19	98	4	0	2	1	1145	0	0	236	281	256
273	2015-02-20	75	5	0	2	1	1146	0	0	329	269	235
154	2015-02-21	62	6	1	2	1	1147	0	0	273	164	147
165	2015-02-22	69	0	1	2	1	1148	0	0	154	193	194
309	2015-02-23	97	1	0	2	1	1149	0	0	165	170	299
275	2015-02-24	92	2	0	2	1	1150	0	0	309	186	293
249	2015-02-25	59	3	0	2	1	1151	0	0	275	236	244
281	2015-02-26	94	4	0	2	1	1152	0	0	249	329	217
279	2015-02-27	97	5	0	2	1	1153	0	0	281	273	258
165	2015-02-28	81	6	1	2	1	1154	0	0	279	154	127
194	2015-03-01	95	0	1	3	1	1155	0	0	165	165	166
335	2015-03-02	80	1	0	3	1	1156	0	0	194	309	295
278	2015-03-03	90	2	0	3	1	1157	0	0	335	275	287
239	2015-03-04	64	3	0	3	1	1158	0	0	278	249	229
251	2015-03-05	73	4	0	3	1	1159	0	0	239	281	244
272	2015-03-06	78	5	0	3	1	1160	0	0	251	279	249
155	2015-03-07	73	6	1	3	1	1161	0	0	272	165	143
200	2015-03-08	84	0	1	3	1	1162	0	0	155	194	190
336	2015-03-09	119	1	0	3	1	1163	0	0	200	335	399
287	2015-03-10	75	2	0	3	1	1164	0	0	336	278	248
231	2015-03-11	66	3	0	3	1	1165	0	0	287	239	277
236	2015-03-12	68	4	0	3	1	1166	0	0	231	251	281
272	2015-03-13	82	5	0	3	1	1167	0	0	236	272	269
148	2015-03-14	63	6	1	3	1	1168	0	0	272	155	164
198	2015-03-15	92	0	1	3	1	1169	0	0	148	200	193
359	2015-03-16	107	1	0	3	1	1170	0	0	198	336	170
253	2015-03-17	67	2	0	3	1	1171	0	0	359	287	186
244	2015-03-18	54	3	0	3	1	1172	0	0	253	231	236
267	2015-03-19	72	4	0	3	1	1173	0	0	244	236	329
209	2015-03-20	52	5	0	3	1	1174	1	0	267	272	273
145	2015-03-21	61	6	1	3	1	1175	0	0	209	148	154
159	2015-03-22	72	0	1	3	1	1176	0	0	145	198	165
372	2015-03-23	113	1	0	3	1	1177	0	0	159	359	309
273	2015-03-24	68	2	0	3	1	1178	0	0	372	253	275
246	2015-03-25	67	3	0	3	1	1179	0	0	273	244	249
241	2015-03-26	65	4	0	3	1	1180	0	0	246	267	281
267	2015-03-27	62	5	0	3	1	1181	0	0	241	209	279
131	2015-03-28	51	6	1	3	1	1182	0	0	267	145	165
157	2015-03-29	77	0	1	3	1	1183	0	0	131	159	194
309	2015-03-30	103	1	0	3	1	1184	0	0	157	372	335
299	2015-03-31	91	2	0	3	1	1185	0	0	309	273	278
260	2015-04-01	84	3	0	4	2	1186	0	0	299	246	239
199	2015-04-02	51	4	0	4	2	1187	0	0	260	241	251
140	2015-04-03	56	5	0	4	2	1188	1	1	199	267	272
149	2015-04-04	60	6	1	4	2	1189	0	0	140	131	155
192	2015-04-05	88	0	1	4	2	1190	1	0	149	157	200
314	2015-04-06	108	1	0	4	2	1191	0	0	192	309	336
288	2015-04-07	94	2	0	4	2	1192	0	0	314	299	287
256	2015-04-08	62	3	0	4	2	1193	0	0	288	260	231
293	2015-04-09	89	4	0	4	2	1194	0	0	256	199	236
248	2015-04-10	69	5	0	4	2	1195	0	0	293	140	272
152	2015-04-11	59	6	1	4	2	1196	0	0	248	149	148
148	2015-04-12	74	0	1	4	2	1197	0	0	152	192	198
347	2015-04-13	103	1	0	4	2	1198	0	0	148	314	359
274	2015-04-14	77	2	0	4	2	1199	0	0	347	288	253
296	2015-04-15	65	3	0	4	2	1200	0	0	274	256	244
298	2015-04-16	65	4	0	4	2	1201	0	0	296	293	267
260	2015-04-17	73	5	0	4	2	1202	0	0	298	248	209
146	2015-04-18	53	6	1	4	2	1203	0	0	260	152	145
174	2015-04-19	77	0	1	4	2	1204	0	0	146	148	159
248	2015-04-20	78	1	0	4	2	1205	0	0	174	347	372
146	2015-04-21	64	2	0	4	2	1206	1	1	248	274	273
285	2015-04-22	104	3	0	4	2	1207	0	0	146	296	246
312	2015-04-23	101	4	0	4	2	1208	0	0	285	298	241
280	2015-04-24	77	5	0	4	2	1209	0	0	312	260	267
155	2015-04-25	68	6	1	4	2	1210	0	0	280	146	131
156	2015-04-26	70	0	1	4	2	1211	0	0	155	174	157
307	2015-04-27	101	1	0	4	2	1212	0	0	156	248	309
267	2015-04-28	77	2	0	4	2	1213	0	0	307	146	299
236	2015-04-29	74	3	0	4	2	1214	0	0	267	285	260
236	2015-04-30	64	4	0	4	2	1215	0	0	236	312	199
122	2015-05-01	53	5	0	5	2	1216	1	1	236	280	140
133	2015-05-02	49	6	1	5	2	1217	0	0	122	155	149
156	2015-05-03	73	0	1	5	2	1218	0	0	133	156	192
355	2015-05-04	113	1	0	5	2	1219	0	0	156	307	314
240	2015-05-05	70	2	0	5	2	1220	0	0	355	267	288
242	2015-05-06	47	3	0	5	2	1221	0	0	240	236	256
223	2015-05-07	60	4	0	5	2	1222	0	0	242	236	293
231	2015-05-08	45	5	0	5	2	1223	0	0	223	122	248
142	2015-05-09	48	6	1	5	2	1224	0	0	231	133	152
148	2015-05-10	64	0	1	5	2	1225	1	0	142	156	148
276	2015-05-11	85	1	0	5	2	1226	0	0	148	355	347
241	2015-05-12	61	2	0	5	2	1227	0	0	276	240	274
237	2015-05-13	59	3	0	5	2	1228	0	0	241	242	296
252	2015-05-14	69	4	0	5	2	1229	0	0	237	223	298
204	2015-05-15	50	5	0	5	2	1230	0	0	252	231	260
119	2015-05-16	46	6	1	5	2	1231	0	0	204	142	146
130	2015-05-17	61	0	1	5	2	1232	0	0	119	148	174
332	2015-05-18	106	1	0	5	2	1233	0	0	130	276	248
283	2015-05-19	71	2	0	5	2	1234	0	0	332	241	146
274	2015-05-20	77	3	0	5	2	1235	0	0	283	237	285
239	2015-05-21	66	4	0	5	2	1236	0	0	274	252	312
259	2015-05-22	66	5	0	5	2	1237	0	0	239	204	280
164	2015-05-23	58	6	1	5	2	1238	0	0	259	119	155
159	2015-05-24	72	0	1	5	2	1239	0	0	164	130	156
342	2015-05-25	112	1	0	5	2	1240	0	0	159	332	307
250	2015-05-26	68	2	0	5	2	1241	0	0	342	283	267
251	2015-05-27	69	3	0	5	2	1242	0	0	250	274	236
226	2015-05-28	55	4	0	5	2	1243	0	0	251	239	236
227	2015-05-29	64	5	0	5	2	1244	0	0	226	259	122
143	2015-05-30	60	6	1	5	2	1245	0	0	227	164	133
130	2015-05-31	62	0	1	5	2	1246	0	0	143	159	156
337	2015-06-01	110	1	0	6	2	1247	0	0	130	342	355
236	2015-06-02	57	2	0	6	2	1248	0	0	337	250	240
220	2015-06-03	51	3	0	6	2	1249	0	0	236	251	242
114	2015-06-04	37	4	0	6	2	1250	1	0	220	226	223
150	2015-06-05	43	5	0	6	2	1251	0	0	114	227	231
152	2015-06-06	61	6	1	6	2	1252	0	0	150	143	142
175	2015-06-07	78	0	1	6	2	1253	0	0	152	130	148
300	2015-06-08	92	1	0	6	2	1254	0	0	175	337	276
281	2015-06-09	70	2	0	6	2	1255	0	0	300	236	241
288	2015-06-10	70	3	0	6	2	1256	0	0	281	220	237
253	2015-06-11	90	4	0	6	2	1257	0	0	288	114	252
255	2015-06-12	80	5	0	6	2	1258	1	0	253	150	204
140	2015-06-13	63	6	1	6	2	1259	0	0	255	152	119
151	2015-06-14	59	0	1	6	2	1260	0	0	140	175	130
396	2015-06-15	125	1	0	6	2	1261	0	0	151	300	332
337	2015-06-16	111	2	0	6	2	1262	0	0	396	281	283
267	2015-06-17	71	3	0	6	2	1263	0	0	337	288	274
243	2015-06-18	57	4	0	6	2	1264	0	0	267	253	239
235	2015-06-19	59	5	0	6	2	1265	0	0	243	255	259
138	2015-06-20	42	6	1	6	2	1266	0	0	235	140	164
136	2015-06-21	58	0	1	6	2	1267	1	0	138	151	159
333	2015-06-22	102	1	0	6	2	1268	0	0	136	396	342
292	2015-06-23	76	2	0	6	2	1269	0	0	333	337	250
251	2015-06-24	68	3	0	6	2	1270	0	0	292	267	251
260	2015-06-25	67	4	0	6	2	1271	0	0	251	243	226
185	2015-06-26	47	5	0	6	2	1272	0	0	260	235	227
135	2015-06-27	55	6	1	6	2	1273	0	0	185	138	143
132	2015-06-28	64	0	1	6	2	1274	0	0	135	136	130
310	2015-06-29	94	1	0	6	2	1275	0	0	132	333	337
286	2015-06-30	74	2	0	6	2	1276	0	0	310	292	236
240	2015-07-01	61	3	0	7	3	1277	0	0	286	251	220
228	2015-07-02	72	4	0	7	3	1278	0	0	240	260	114
216	2015-07-03	58	5	0	7	3	1279	0	0	228	185	150
136	2015-07-04	47	6	1	7	3	1280	0	0	216	135	152
138	2015-07-05	53	0	1	7	3	1281	0	0	136	132	175
280	2015-07-06	81	1	0	7	3	1282	0	0	138	310	300
287	2015-07-07	72	2	0	7	3	1283	0	0	280	286	281
290	2015-07-08	95	3	0	7	3	1284	0	0	287	240	288
214	2015-07-09	62	4	0	7	3	1285	0	0	290	228	253
198	2015-07-10	67	5	0	7	3	1286	0	0	214	216	255
123	2015-07-11	50	6	1	7	3	1287	0	0	198	136	140
157	2015-07-12	82	0	1	7	3	1288	0	0	123	138	151
338	2015-07-13	108	1	0	7	3	1289	0	0	157	280	396
244	2015-07-14	69	2	0	7	3	1290	0	0	338	287	337
227	2015-07-15	56	3	0	7	3	1291	0	0	244	290	267
244	2015-07-16	74	4	0	7	3	1292	0	0	227	214	243
223	2015-07-17	72	5	0	7	3	1293	0	0	244	198	235
132	2015-07-18	51	6	1	7	3	1294	0	0	223	123	138
161	2015-07-19	68	0	1	7	3	1295	0	0	132	157	136
373	2015-07-20	119	1	0	7	3	1296	0	0	161	338	333
272	2015-07-21	64	2	0	7	3	1297	0	0	373	244	292
253	2015-07-22	62	3	0	7	3	1298	0	0	272	227	251
250	2015-07-23	70	4	0	7	3	1299	0	0	253	244	260
230	2015-07-24	78	5	0	7	3	1300	0	0	250	223	185
140	2015-07-25	49	6	1	7	3	1301	0	0	230	132	135
139	2015-07-26	70	0	1	7	3	1302	0	0	140	161	132
325	2015-07-27	108	1	0	7	3	1303	0	0	139	373	310
272	2015-07-28	65	2	0	7	3	1304	0	0	325	272	286
243	2015-07-29	75	3	0	7	3	1305	0	0	272	253	240
267	2015-07-30	60	4	0	7	3	1306	0	0	243	250	228
229	2015-07-31	53	5	0	7	3	1307	0	0	267	230	216
179	2015-08-01	61	6	1	8	3	1308	0	0	229	140	136
172	2015-08-02	74	0	1	8	3	1309	0	0	179	139	138
348	2015-08-03	89	1	0	8	3	1310	0	0	172	325	280
310	2015-08-04	91	2	0	8	3	1311	0	0	348	272	287
291	2015-08-05	87	3	0	8	3	1312	0	0	310	243	290
291	2015-08-06	92	4	0	8	3	1313	0	0	291	267	214
258	2015-08-07	76	5	0	8	3	1314	0	0	291	229	198
151	2015-08-08	61	6	1	8	3	1315	0	0	258	179	123
191	2015-08-09	78	0	1	8	3	1316	1	0	151	172	157
389	2015-08-10	155	1	0	8	3	1317	0	0	191	348	338
291	2015-08-11	88	2	0	8	3	1318	0	0	389	310	244
281	2015-08-12	88	3	0	8	3	1319	0	0	291	291	227
258	2015-08-13	74	4	0	8	3	1320	0	0	281	291	244
235	2015-08-14	71	5	0	8	3	1321	0	0	258	258	223
159	2015-08-15	69	6	1	8	3	1322	0	0	235	151	132
172	2015-08-16	92	0	1	8	3	1323	0	0	159	191	161
387	2015-08-17	117	1	0	8	3	1324	0	0	172	389	373
373	2015-08-18	113	2	0	8	3	1325	0	0	387	291	272
247	2015-08-19	70	3	0	8	3	1326	0	0	373	281	253
299	2015-08-20	87	4	0	8	3	1327	0	0	247	258	250
285	2015-08-21	80	5	0	8	3	1328	0	0	299	235	230
159	2015-08-22	61	6	1	8	3	1329	0	0	285	159	140
149	2015-08-23	65	0	1	8	3	1330	0	0	159	172	139
375	2015-08-24	110	1	0	8	3	1331	0	0	149	387	325
309	2015-08-25	72	2	0	8	3	1332	0	0	375	373	272
302	2015-08-26	83	3	0	8	3	1333	0	0	309	247	243
278	2015-08-27	78	4	0	8	3	1334	0	0	302	299	267
334	2015-08-28	96	5	0	8	3	1335	0	0	278	285	229
184	2015-08-29	88	6	1	8	3	1336	0	0	334	159	179
203	2015-08-30	103	0	1	8	3	1337	0	0	184	149	172
451	2015-08-31	138	1	0	8	3	1338	0	0	203	375	348
284	2015-09-01	78	2	0	9	3	1339	0	0	451	309	310
286	2015-09-02	89	3	0	9	3	1340	0	0	284	302	291
268	2015-09-03	74	4	0	9	3	1341	0	0	286	278	291
238	2015-09-04	68	5	0	9	3	1342	0	0	268	334	258
146	2015-09-05	58	6	1	9	3	1343	0	0	238	184	151
154	2015-09-06	61	0	1	9	3	1344	0	0	146	203	191
142	2015-09-07	59	1	0	9	3	1345	1	1	154	451	389
297	2015-09-08	102	2	0	9	3	1346	0	0	142	284	291
304	2015-09-09	104	3	0	9	3	1347	0	0	297	286	281
307	2015-09-10	84	4	0	9	3	1348	0	0	304	268	258
265	2015-09-11	71	5	0	9	3	1349	0	0	307	238	235
128	2015-09-12	50	6	1	9	3	1350	0	0	265	146	159
153	2015-09-13	62	0	1	9	3	1351	0	0	128	154	172
397	2015-09-14	123	1	0	9	3	1352	0	0	153	142	387
276	2015-09-15	84	2	0	9	3	1353	0	0	397	297	373
266	2015-09-16	65	3	0	9	3	1354	0	0	276	304	247
301	2015-09-17	74	4	0	9	3	1355	0	0	266	307	299
288	2015-09-18	57	5	0	9	3	1356	0	0	301	265	285
194	2015-09-19	84	6	1	9	3	1357	0	0	288	128	159
186	2015-09-20	80	0	1	9	3	1358	0	0	194	153	149
407	2015-09-21	131	1	0	9	3	1359	0	0	186	397	375
339	2015-09-22	84	2	0	9	3	1360	0	0	407	276	309
304	2015-09-23	91	3	0	9	3	1361	1	0	339	266	302
333	2015-09-24	77	4	0	9	3	1362	0	0	304	301	278
288	2015-09-25	78	5	0	9	3	1363	0	0	333	288	334
179	2015-09-26	67	6	1	9	3	1364	0	0	288	194	184
201	2015-09-27	101	0	1	9	3	1365	0	0	179	186	203
360	2015-09-28	124	1	0	9	3	1366	0	0	201	407	451
298	2015-09-29	92	2	0	9	3	1367	0	0	360	339	284
340	2015-09-30	102	3	0	9	3	1368	0	0	298	304	286
361	2015-10-01	96	4	0	10	4	1369	0	0	340	333	268
275	2015-10-02	88	5	0	10	4	1370	0	0	361	288	238
180	2015-10-03	70	6	1	10	4	1371	0	0	275	179	146
183	2015-10-04	90	0	1	10	4	1372	0	0	180	201	154
369	2015-10-05	146	1	0	10	4	1373	0	0	183	360	142
361	2015-10-06	86	2	0	10	4	1374	0	0	369	298	297
261	2015-10-07	67	3	0	10	4	1375	0	0	361	340	304
302	2015-10-08	88	4	0	10	4	1376	0	0	261	361	307
320	2015-10-09	83	5	0	10	4	1377	0	0	302	275	265
177	2015-10-10	69	6	1	10	4	1378	0	0	320	180	128
171	2015-10-11	71	0	1	10	4	1379	0	0	177	183	153
177	2015-10-12	66	1	0	10	4	1380	1	1	171	369	397
352	2015-10-13	96	2	0	10	4	1381	0	0	177	361	276
315	2015-10-14	80	3	0	10	4	1382	0	0	352	261	266
298	2015-10-15	88	4	0	10	4	1383	1	0	315	302	301
273	2015-10-16	76	5	0	10	4	1384	0	0	298	320	288
177	2015-10-17	64	6	1	10	4	1385	0	0	273	177	194
201	2015-10-18	86	0	1	10	4	1386	0	0	177	171	186
429	2015-10-19	135	1	0	10	4	1387	0	0	201	177	407
327	2015-10-20	100	2	0	10	4	1388	0	0	429	352	339
341	2015-10-21	82	3	0	10	4	1389	0	0	327	315	304
322	2015-10-22	63	4	0	10	4	1390	0	0	341	298	333
299	2015-10-23	73	5	0	10	4	1391	0	0	322	273	288
165	2015-10-24	78	6	1	10	4	1392	0	0	299	177	179
192	2015-10-25	90	0	1	10	4	1393	0	0	165	201	201
378	2015-10-26	118	1	0	10	4	1394	0	0	192	429	360
343	2015-10-27	89	2	0	10	4	1395	0	0	378	327	298
298	2015-10-28	69	3	0	10	4	1396	1	0	343	341	340
312	2015-10-29	85	4	0	10	4	1397	0	0	298	322	361
165	2015-10-30	53	5	0	10	4	1398	0	0	312	299	275
150	2015-10-31	66	6	1	10	4	1399	0	0	165	165	180
168	2015-11-01	73	0	1	11	4	1400	0	0	150	192	183
144	2015-11-02	60	1	0	11	4	1401	1	1	168	378	369
392	2015-11-03	108	2	0	11	4	1402	0	0	144	343	361
319	2015-11-04	90	3	0	11	4	1403	0	0	392	298	261
349	2015-11-05	90	4	0	11	4	1404	0	0	319	312	302
260	2015-11-06	75	5	0	11	4	1405	0	0	349	165	320
157	2015-11-07	70	6	1	11	4	1406	0	0	260	150	177
181	2015-11-08	84	0	1	11	4	1407	0	0	157	168	171
461	2015-11-09	127	1	0	11	4	1408	0	0	181	144	177
317	2015-11-10	90	2	0	11	4	1409	0	0	461	392	352
346	2015-11-11	88	3	0	11	4	1410	0	0	317	319	315
275	2015-11-12	72	4	0	11	4	1411	0	0	346	349	298
333	2015-11-13	88	5	0	11	4	1412	0	0	275	260	273
176	2015-11-14	76	6	1	11	4	1413	0	0	333	157	177
206	2015-11-15	77	0	1	11	4	1414	1	1	176	181	201
434	2015-11-16	139	1	0	11	4	1415	0	0	206	461	429
348	2015-11-17	85	2	0	11	4	1416	0	0	434	317	327
295	2015-11-18	80	3	0	11	4	1417	0	0	348	346	341
321	2015-11-19	102	4	0	11	4	1418	0	0	295	275	322
293	2015-11-20	88	5	0	11	4	1419	1	0	321	333	299
168	2015-11-21	69	6	1	11	4	1420	0	0	293	176	165
181	2015-11-22	78	0	1	11	4	1421	0	0	168	206	192
446	2015-11-23	141	1	0	11	4	1422	0	0	181	434	378
339	2015-11-24	90	2	0	11	4	1423	0	0	446	348	343
288	2015-11-25	76	3	0	11	4	1424	0	0	339	295	298
294	2015-11-26	73	4	0	11	4	1425	0	0	288	321	312
300	2015-11-27	85	5	0	11	4	1426	0	0	294	293	165
164	2015-11-28	57	6	1	11	4	1427	0	0	300	168	150
192	2015-11-29	78	0	1	11	4	1428	0	0	164	181	168
428	2015-11-30	127	1	0	11	4	1429	0	0	192	446	144
318	2015-12-01	94	2	0	12	4	1430	0	0	428	339	392
323	2015-12-02	76	3	0	12	4	1431	0	0	318	288	319
322	2015-12-03	72	4	0	12	4	1432	0	0	323	294	349
298	2015-12-04	80	5	0	12	4	1433	0	0	322	300	260
162	2015-12-05	70	6	1	12	4	1434	0	0	298	164	157
237	2015-12-06	115	0	1	12	4	1435	0	0	162	192	181
384	2015-12-07	118	1	0	12	4	1436	0	0	237	428	461
300	2015-12-08	73	2	0	12	4	1437	0	0	384	318	317
368	2015-12-09	95	3	0	12	4	1438	0	0	300	323	346
322	2015-12-10	94	4	0	12	4	1439	0	0	368	322	275
281	2015-12-11	82	5	0	12	4	1440	0	0	322	298	333
210	2015-12-12	90	6	1	12	4	1441	0	0	281	162	176
181	2015-12-13	81	0	1	12	4	1442	0	0	210	237	206
441	2015-12-14	146	1	0	12	4	1443	0	0	181	384	434
338	2015-12-15	103	2	0	12	4	1444	0	0	441	300	348
335	2015-12-16	88	3	0	12	4	1445	0	0	338	368	295
305	2015-12-17	80	4	0	12	4	1446	0	0	335	322	321
281	2015-12-18	74	5	0	12	4	1447	0	0	305	281	293
170	2015-12-19	73	6	1	12	4	1448	0	0	281	210	168
187	2015-12-20	90	0	1	12	4	1449	0	0	170	181	181
351	2015-12-21	123	1	0	12	4	1450	0	0	187	441	446
294	2015-12-22	97	2	0	12	4	1451	1	0	351	338	339
313	2015-12-23	93	3	0	12	4	1452	0	0	294	335	288
167	2015-12-24	66	4	0	12	4	1453	1	0	313	305	294
261	2015-12-25	144	5	0	12	4	1454	1	1	167	281	300
162	2015-12-26	75	6	1	12	4	1455	0	0	261	170	164
190	2015-12-27	81	0	1	12	4	1456	0	0	162	187	192
409	2015-12-28	139	1	0	12	4	1457	0	0	190	351	428
251	2015-12-29	63	2	0	12	4	1458	0	0	409	294	318
244	2015-12-30	60	3	0	12	4	1459	0	0	251	313	323
135	2015-12-31	53	4	0	12	4	1460	1	0	244	167	322
265	2016-01-01	148	5	0	1	1	1461	1	1	135	261	298
168	2016-01-02	74	6	1	1	1	1462	0	0	265	162	162
156	2016-01-03	60	0	1	1	1	1463	0	0	168	190	237
356	2016-01-04	105	1	0	1	1	1464	0	0	156	409	384
325	2016-01-05	77	2	0	1	1	1465	0	0	356	251	300
271	2016-01-06	87	3	0	1	1	1466	0	0	325	244	368
273	2016-01-07	84	4	0	1	1	1467	0	0	271	135	322
249	2016-01-08	61	5	0	1	1	1468	0	0	273	265	281
175	2016-01-09	79	6	1	1	1	1469	0	0	249	168	210
182	2016-01-10	86	0	1	1	1	1470	0	0	175	156	181
363	2016-01-11	131	1	0	1	1	1471	0	0	182	356	441
296	2016-01-12	86	2	0	1	1	1472	0	0	363	325	338
298	2016-01-13	94	3	0	1	1	1473	0	0	296	271	335
264	2016-01-14	77	4	0	1	1	1474	0	0	298	273	305
295	2016-01-15	94	5	0	1	1	1475	0	0	264	249	281
146	2016-01-16	64	6	1	1	1	1476	0	0	295	175	170
186	2016-01-17	85	0	1	1	1	1477	0	0	146	182	187
375	2016-01-18	121	1	0	1	1	1478	0	0	186	363	351
289	2016-01-19	84	2	0	1	1	1479	0	0	375	296	294
251	2016-01-20	74	3	0	1	1	1480	0	0	289	298	313
236	2016-01-21	57	4	0	1	1	1481	0	0	251	264	167
284	2016-01-22	94	5	0	1	1	1482	0	0	236	295	261
152	2016-01-23	68	6	1	1	1	1483	0	0	284	146	162
173	2016-01-24	81	0	1	1	1	1484	0	0	152	186	190
342	2016-01-25	131	1	0	1	1	1485	0	0	173	375	409
315	2016-01-26	96	2	0	1	1	1486	0	0	342	289	251
276	2016-01-27	74	3	0	1	1	1487	0	0	315	251	244
327	2016-01-28	95	4	0	1	1	1488	0	0	276	236	135
298	2016-01-29	96	5	0	1	1	1489	0	0	327	284	265
176	2016-01-30	66	6	1	1	1	1490	0	0	298	152	168
182	2016-01-31	98	0	1	1	1	1491	0	0	176	173	156
380	2016-02-01	132	1	0	2	1	1492	0	0	182	342	356
309	2016-02-02	90	2	0	2	1	1493	0	0	380	315	325
332	2016-02-03	85	3	0	2	1	1494	0	0	309	276	271
292	2016-02-04	63	4	0	2	1	1495	0	0	332	327	273
322	2016-02-05	85	5	0	2	1	1496	1	0	292	298	249
212	2016-02-06	96	6	1	2	1	1497	1	0	322	176	175
226	2016-02-07	99	0	1	2	1	1498	1	0	212	182	182
217	2016-02-08	94	1	0	2	1	1499	1	0	226	380	363
204	2016-02-09	71	2	0	2	1	1500	1	0	217	309	296
295	2016-02-10	88	3	0	2	1	1501	1	0	204	332	298
304	2016-02-11	100	4	0	2	1	1502	0	0	295	292	264
301	2016-02-12	89	5	0	2	1	1503	0	0	304	322	295
173	2016-02-13	59	6	1	2	1	1504	0	0	301	212	146
219	2016-02-14	83	0	1	2	1	1505	0	0	173	226	186
432	2016-02-15	148	1	0	2	1	1506	0	0	219	217	375
337	2016-02-16	101	2	0	2	1	1507	0	0	432	204	289
309	2016-02-17	87	3	0	2	1	1508	0	0	337	295	251
274	2016-02-18	65	4	0	2	1	1509	0	0	309	304	236
320	2016-02-19	93	5	0	2	1	1510	0	0	274	301	284
190	2016-02-20	87	6	1	2	1	1511	0	0	320	173	152
225	2016-02-21	87	0	1	2	1	1512	0	0	190	219	173
412	2016-02-22	126	1	0	2	1	1513	0	0	225	432	342
334	2016-02-23	73	2	0	2	1	1514	0	0	412	337	315
336	2016-02-24	89	3	0	2	1	1515	0	0	334	309	276
285	2016-02-25	89	4	0	2	1	1516	0	0	336	274	327
304	2016-02-26	103	5	0	2	1	1517	0	0	285	320	298
170	2016-02-27	70	6	1	2	1	1518	0	0	304	190	176
163	2016-02-28	76	0	1	2	1	1519	0	0	170	225	182
385	2016-02-29	105	1	0	2	1	1520	0	0	163	412	380
379	2016-03-01	92	2	0	3	1	1521	0	0	385	334	309
271	2016-03-02	76	3	0	3	1	1522	0	0	379	336	332
258	2016-03-03	53	4	0	3	1	1523	0	0	271	285	292
286	2016-03-04	91	5	0	3	1	1524	0	0	258	304	322
159	2016-03-05	70	6	1	3	1	1525	0	0	286	170	212
191	2016-03-06	96	0	1	3	1	1526	0	0	159	163	226
395	2016-03-07	126	1	0	3	1	1527	0	0	191	385	217
296	2016-03-08	85	2	0	3	1	1528	0	0	395	379	204
322	2016-03-09	107	3	0	3	1	1529	0	0	296	271	295
319	2016-03-10	86	4	0	3	1	1530	0	0	322	258	304
313	2016-03-11	89	5	0	3	1	1531	0	0	319	286	301
172	2016-03-12	62	6	1	3	1	1532	0	0	313	159	173
198	2016-03-13	97	0	1	3	1	1533	0	0	172	191	219
412	2016-03-14	117	1	0	3	1	1534	0	0	198	395	432
346	2016-03-15	101	2	0	3	1	1535	0	0	412	296	337
313	2016-03-16	85	3	0	3	1	1536	0	0	346	322	309
305	2016-03-17	83	4	0	3	1	1537	0	0	313	319	274
322	2016-03-18	102	5	0	3	1	1538	0	0	305	313	320
190	2016-03-19	88	6	1	3	1	1539	0	0	322	172	190
182	2016-03-20	78	0	1	3	1	1540	1	0	190	198	225
429	2016-03-21	134	1	0	3	1	1541	0	0	182	412	412
355	2016-03-22	110	2	0	3	1	1542	0	0	429	346	334
294	2016-03-23	80	3	0	3	1	1543	0	0	355	313	336
217	2016-03-24	59	4	0	3	1	1544	0	0	294	305	285
154	2016-03-25	60	5	0	3	1	1545	1	1	217	322	304
148	2016-03-26	60	6	1	3	1	1546	0	0	154	190	170
202	2016-03-27	91	0	1	3	1	1547	1	0	148	182	163
438	2016-03-28	136	1	0	3	1	1548	0	0	202	429	385
403	2016-03-29	103	2	0	3	1	1549	0	0	438	355	379
355	2016-03-30	116	3	0	3	1	1550	0	0	403	294	271
297	2016-03-31	79	4	0	3	1	1551	0	0	355	217	258
293	2016-04-01	70	5	0	4	2	1552	0	0	297	154	286
174	2016-04-02	65	6	1	4	2	1553	0	0	293	148	159
190	2016-04-03	93	0	1	4	2	1554	0	0	174	202	191
371	2016-04-04	124	1	0	4	2	1555	0	0	190	438	395
321	2016-04-05	79	2	0	4	2	1556	0	0	371	403	296
347	2016-04-06	105	3	0	4	2	1557	0	0	321	355	322
306	2016-04-07	86	4	0	4	2	1558	0	0	347	297	319
260	2016-04-08	63	5	0	4	2	1559	0	0	306	293	313
171	2016-04-09	76	6	1	4	2	1560	0	0	260	174	172
221	2016-04-10	102	0	1	4	2	1561	0	0	171	190	198
398	2016-04-11	111	1	0	4	2	1562	0	0	221	371	412
316	2016-04-12	87	2	0	4	2	1563	0	0	398	321	346
312	2016-04-13	96	3	0	4	2	1564	0	0	316	347	313
277	2016-04-14	71	4	0	4	2	1565	0	0	312	306	305
314	2016-04-15	78	5	0	4	2	1566	0	0	277	260	322
166	2016-04-16	67	6	1	4	2	1567	0	0	314	171	190
198	2016-04-17	76	0	1	4	2	1568	0	0	166	221	182
362	2016-04-18	102	1	0	4	2	1569	0	0	198	398	429
307	2016-04-19	76	2	0	4	2	1570	0	0	362	316	355
344	2016-04-20	91	3	0	4	2	1571	0	0	307	312	294
154	2016-04-21	55	4	0	4	2	1572	1	1	344	277	217
200	2016-04-22	72	5	0	4	2	1573	0	0	154	314	154
171	2016-04-23	57	6	1	4	2	1574	0	0	200	166	148
194	2016-04-24	95	0	1	4	2	1575	0	0	171	198	202
414	2016-04-25	118	1	0	4	2	1576	0	0	194	362	438
305	2016-04-26	78	2	0	4	2	1577	0	0	414	307	403
266	2016-04-27	56	3	0	4	2	1578	0	0	305	344	355
284	2016-04-28	57	4	0	4	2	1579	0	0	266	154	297
255	2016-04-29	72	5	0	4	2	1580	0	0	284	200	293
138	2016-04-30	35	6	1	4	2	1581	0	0	255	171	174
180	2016-05-01	72	0	1	5	2	1582	1	1	138	194	190
314	2016-05-02	84	1	0	5	2	1583	0	0	180	414	371
298	2016-05-03	67	2	0	5	2	1584	0	0	314	305	321
240	2016-05-04	65	3	0	5	2	1585	0	0	298	266	347
321	2016-05-05	92	4	0	5	2	1586	0	0	240	284	306
268	2016-05-06	64	5	0	5	2	1587	0	0	321	255	260
146	2016-05-07	58	6	1	5	2	1588	0	0	268	138	171
176	2016-05-08	88	0	1	5	2	1589	1	0	146	180	221
345	2016-05-09	111	1	0	5	2	1590	0	0	176	314	398
360	2016-05-10	100	2	0	5	2	1591	0	0	345	298	316
307	2016-05-11	83	3	0	5	2	1592	0	0	360	240	312
253	2016-05-12	73	4	0	5	2	1593	0	0	307	321	277
275	2016-05-13	74	5	0	5	2	1594	0	0	253	268	314
146	2016-05-14	60	6	1	5	2	1595	0	0	275	146	166
174	2016-05-15	71	0	1	5	2	1596	0	0	146	176	198
395	2016-05-16	120	1	0	5	2	1597	0	0	174	345	362
313	2016-05-17	86	2	0	5	2	1598	0	0	395	360	307
293	2016-05-18	66	3	0	5	2	1599	0	0	313	307	344
264	2016-05-19	70	4	0	5	2	1600	0	0	293	253	154
295	2016-05-20	71	5	0	5	2	1601	0	0	264	275	200
143	2016-05-21	60	6	1	5	2	1602	0	0	295	146	171
152	2016-05-22	58	0	1	5	2	1603	0	0	143	174	194
350	2016-05-23	112	1	0	5	2	1604	0	0	152	395	414
309	2016-05-24	86	2	0	5	2	1605	0	0	350	313	305
292	2016-05-25	73	3	0	5	2	1606	0	0	309	293	266
107	2016-05-26	43	4	0	5	2	1607	1	0	292	264	284
158	2016-05-27	52	5	0	5	2	1608	0	0	107	295	255
153	2016-05-28	57	6	1	5	2	1609	0	0	158	143	138
133	2016-05-29	55	0	1	5	2	1610	0	0	153	152	180
415	2016-05-30	136	1	0	5	2	1611	0	0	133	350	314
371	2016-05-31	96	2	0	5	2	1612	0	0	415	309	298
330	2016-06-01	111	3	0	6	2	1613	0	0	371	292	240
312	2016-06-02	86	4	0	6	2	1614	0	0	330	107	321
270	2016-06-03	72	5	0	6	2	1615	0	0	312	158	268
149	2016-06-04	63	6	1	6	2	1616	0	0	270	153	146
144	2016-06-05	63	0	1	6	2	1617	0	0	149	133	176
393	2016-06-06	120	1	0	6	2	1618	0	0	144	415	345
330	2016-06-07	92	2	0	6	2	1619	0	0	393	371	360
271	2016-06-08	89	3	0	6	2	1620	0	0	330	330	307
314	2016-06-09	94	4	0	6	2	1621	0	0	271	312	253
285	2016-06-10	73	5	0	6	2	1622	0	0	314	270	275
131	2016-06-11	50	6	1	6	2	1623	0	0	285	149	146
157	2016-06-12	70	0	1	6	2	1624	1	0	131	144	174
365	2016-06-13	103	1	0	6	2	1625	0	0	157	393	395
294	2016-06-14	71	2	0	6	2	1626	0	0	365	330	313
302	2016-06-15	89	3	0	6	2	1627	0	0	294	271	293
291	2016-06-16	82	4	0	6	2	1628	0	0	302	314	264
276	2016-06-17	74	5	0	6	2	1629	0	0	291	285	295
154	2016-06-18	51	6	1	6	2	1630	0	0	276	131	143
174	2016-06-19	85	0	1	6	2	1631	0	0	154	157	152
379	2016-06-20	103	1	0	6	2	1632	1	0	174	365	350
342	2016-06-21	92	2	0	6	2	1633	0	0	379	294	309
336	2016-06-22	78	3	0	6	2	1634	0	0	342	302	292
308	2016-06-23	72	4	0	6	2	1635	0	0	336	291	107
292	2016-06-24	76	5	0	6	2	1636	0	0	308	276	158
141	2016-06-25	58	6	1	6	2	1637	0	0	292	154	153
175	2016-06-26	85	0	1	6	2	1638	0	0	141	174	133
366	2016-06-27	104	1	0	6	2	1639	0	0	175	379	415
308	2016-06-28	82	2	0	6	2	1640	0	0	366	342	371
269	2016-06-29	72	3	0	6	2	1641	0	0	308	336	330
340	2016-06-30	88	4	0	6	2	1642	0	0	269	308	312
249	2016-07-01	71	5	0	7	3	1643	0	0	340	292	270
147	2016-07-02	55	6	1	7	3	1644	0	0	249	141	149
192	2016-07-03	85	0	1	7	3	1645	0	0	147	175	144
369	2016-07-04	108	1	0	7	3	1646	0	0	192	366	393
303	2016-07-05	58	2	0	7	3	1647	0	0	369	308	330
318	2016-07-06	86	3	0	7	3	1648	0	0	303	269	271
298	2016-07-07	84	4	0	7	3	1649	0	0	318	340	314
291	2016-07-08	80	5	0	7	3	1650	0	0	298	249	285
140	2016-07-09	57	6	1	7	3	1651	0	0	291	147	131
201	2016-07-10	94	0	1	7	3	1652	0	0	140	192	157
392	2016-07-11	111	1	0	7	3	1653	0	0	201	369	365
363	2016-07-12	102	2	0	7	3	1654	0	0	392	303	294
289	2016-07-13	69	3	0	7	3	1655	0	0	363	318	302
272	2016-07-14	69	4	0	7	3	1656	0	0	289	298	291
325	2016-07-15	68	5	0	7	3	1657	0	0	272	291	276
151	2016-07-16	67	6	1	7	3	1658	0	0	325	140	154
173	2016-07-17	74	0	1	7	3	1659	0	0	151	201	174
364	2016-07-18	110	1	0	7	3	1660	0	0	173	392	379
292	2016-07-19	76	2	0	7	3	1661	0	0	364	363	342
325	2016-07-20	82	3	0	7	3	1662	0	0	292	289	336
267	2016-07-21	66	4	0	7	3	1663	0	0	325	272	308
254	2016-07-22	85	5	0	7	3	1664	0	0	267	325	292
161	2016-07-23	63	6	1	7	3	1665	0	0	254	151	141
187	2016-07-24	78	0	1	7	3	1666	0	0	161	173	175
370	2016-07-25	117	1	0	7	3	1667	0	0	187	364	366
298	2016-07-26	91	2	0	7	3	1668	0	0	370	292	308
294	2016-07-27	82	3	0	7	3	1669	0	0	298	325	269
310	2016-07-28	69	4	0	7	3	1670	0	0	294	267	340
258	2016-07-29	71	5	0	7	3	1671	0	0	310	254	249
162	2016-07-30	52	6	1	7	3	1672	0	0	258	161	147
169	2016-07-31	79	0	1	7	3	1673	0	0	162	187	192
410	2016-08-01	117	1	0	8	3	1674	0	0	169	370	369
372	2016-08-02	83	2	0	8	3	1675	0	0	410	298	303
303	2016-08-03	69	3	0	8	3	1676	0	0	372	294	318
302	2016-08-04	92	4	0	8	3	1677	0	0	303	310	298
329	2016-08-05	90	5	0	8	3	1678	1	0	302	258	291
194	2016-08-06	77	6	1	8	3	1679	0	0	329	162	140
208	2016-08-07	85	0	1	8	3	1680	0	0	194	169	201
457	2016-08-08	134	1	0	8	3	1681	0	0	208	410	392
371	2016-08-09	105	2	0	8	3	1682	0	0	457	372	363
331	2016-08-10	84	3	0	8	3	1683	0	0	371	303	289
331	2016-08-11	105	4	0	8	3	1684	0	0	331	302	272
323	2016-08-12	94	5	0	8	3	1685	0	0	331	329	325
159	2016-08-13	58	6	1	8	3	1686	0	0	323	194	151
183	2016-08-14	75	0	1	8	3	1687	1	0	159	208	173
448	2016-08-15	141	1	0	8	3	1688	0	0	183	457	364
359	2016-08-16	89	2	0	8	3	1689	0	0	448	371	292
360	2016-08-17	95	3	0	8	3	1690	0	0	359	331	325
368	2016-08-18	100	4	0	8	3	1691	0	0	360	331	267
381	2016-08-19	111	5	0	8	3	1692	0	0	368	323	254
166	2016-08-20	54	6	1	8	3	1693	0	0	381	159	161
186	2016-08-21	82	0	1	8	3	1694	1	0	166	183	187
486	2016-08-22	151	1	0	8	3	1695	0	0	186	448	370
392	2016-08-23	81	2	0	8	3	1696	0	0	486	359	298
342	2016-08-24	81	3	0	8	3	1697	0	0	392	360	294
315	2016-08-25	67	4	0	8	3	1698	0	0	342	368	310
344	2016-08-26	89	5	0	8	3	1699	0	0	315	381	258
183	2016-08-27	70	6	1	8	3	1700	0	0	344	166	162
204	2016-08-28	97	0	1	8	3	1701	0	0	183	186	169
440	2016-08-29	129	1	0	8	3	1702	0	0	204	486	410
394	2016-08-30	116	2	0	8	3	1703	0	0	440	392	372
352	2016-08-31	86	3	0	8	3	1704	0	0	394	342	303
316	2016-09-01	79	4	0	9	3	1705	0	0	352	315	302
330	2016-09-02	96	5	0	9	3	1706	0	0	316	344	329
145	2016-09-03	60	6	1	9	3	1707	0	0	330	183	194
210	2016-09-04	105	0	1	9	3	1708	0	0	145	204	208
385	2016-09-05	121	1	0	9	3	1709	0	0	210	440	457
333	2016-09-06	102	2	0	9	3	1710	0	0	385	394	371
177	2016-09-07	68	3	0	9	3	1711	1	1	333	352	331
346	2016-09-08	114	4	0	9	3	1712	0	0	177	316	331
321	2016-09-09	81	5	0	9	3	1713	0	0	346	330	323
184	2016-09-10	68	6	1	9	3	1714	0	0	321	145	159
185	2016-09-11	84	0	1	9	3	1715	0	0	184	210	183
446	2016-09-12	137	1	0	9	3	1716	0	0	185	385	448
374	2016-09-13	81	2	0	9	3	1717	0	0	446	333	359
310	2016-09-14	74	3	0	9	3	1718	0	0	374	177	360
353	2016-09-15	95	4	0	9	3	1719	0	0	310	346	368
328	2016-09-16	86	5	0	9	3	1720	0	0	353	321	381
179	2016-09-17	73	6	1	9	3	1721	0	0	328	184	166
228	2016-09-18	106	0	1	9	3	1722	1	0	179	185	186
446	2016-09-19	136	1	0	9	3	1723	0	0	228	446	486
380	2016-09-20	79	2	0	9	3	1724	0	0	446	374	392
341	2016-09-21	99	3	0	9	3	1725	0	0	380	310	342
335	2016-09-22	95	4	0	9	3	1726	1	0	341	353	315
346	2016-09-23	81	5	0	9	3	1727	0	0	335	328	344
192	2016-09-24	63	6	1	9	3	1728	0	0	346	179	183
168	2016-09-25	81	0	1	9	3	1729	0	0	192	228	204
475	2016-09-26	131	1	0	9	3	1730	0	0	168	446	440
332	2016-09-27	87	2	0	9	3	1731	0	0	475	380	394
357	2016-09-28	83	3	0	9	3	1732	0	0	332	341	352
321	2016-09-29	68	4	0	9	3	1733	0	0	357	335	316
347	2016-09-30	89	5	0	9	3	1734	0	0	321	346	330
178	2016-10-01	72	6	1	10	4	1735	0	0	347	192	145
199	2016-10-02	99	0	1	10	4	1736	0	0	178	168	210
394	2016-10-03	127	1	0	10	4	1737	0	0	199	475	385
326	2016-10-04	91	2	0	10	4	1738	0	0	394	332	333
344	2016-10-05	91	3	0	10	4	1739	0	0	326	357	177
343	2016-10-06	92	4	0	10	4	1740	0	0	344	321	346
306	2016-10-07	83	5	0	10	4	1741	0	0	343	347	321
171	2016-10-08	77	6	1	10	4	1742	0	0	306	178	184
179	2016-10-09	87	0	1	10	4	1743	0	0	171	199	185
410	2016-10-10	146	1	0	10	4	1744	0	0	179	394	446
365	2016-10-11	95	2	0	10	4	1745	0	0	410	326	374
178	2016-10-12	71	3	0	10	4	1746	1	1	365	344	310
395	2016-10-13	118	4	0	10	4	1747	0	0	178	343	353
301	2016-10-14	88	5	0	10	4	1748	0	0	395	306	328
177	2016-10-15	72	6	1	10	4	1749	1	0	301	171	179
221	2016-10-16	96	0	1	10	4	1750	0	0	177	179	228
438	2016-10-17	121	1	0	10	4	1751	0	0	221	410	446
349	2016-10-18	80	2	0	10	4	1752	0	0	438	365	380
335	2016-10-19	87	3	0	10	4	1753	0	0	349	178	341
358	2016-10-20	80	4	0	10	4	1754	0	0	335	395	335
328	2016-10-21	76	5	0	10	4	1755	0	0	358	301	346
166	2016-10-22	54	6	1	10	4	1756	0	0	328	177	192
195	2016-10-23	84	0	1	10	4	1757	0	0	166	221	168
388	2016-10-24	97	1	0	10	4	1758	0	0	195	438	475
352	2016-10-25	95	2	0	10	4	1759	0	0	388	349	332
339	2016-10-26	93	3	0	10	4	1760	0	0	352	335	357
295	2016-10-27	69	4	0	10	4	1761	0	0	339	358	321
250	2016-10-28	64	5	0	10	4	1762	1	0	295	328	347
163	2016-10-29	58	6	1	10	4	1763	0	0	250	166	178
178	2016-10-30	70	0	1	10	4	1764	0	0	163	195	199
339	2016-10-31	91	1	0	10	4	1765	0	0	178	388	394
339	2016-11-01	80	2	0	11	4	1766	0	0	339	352	326
171	2016-11-02	64	3	0	11	4	1767	1	1	339	339	344
379	2016-11-03	101	4	0	11	4	1768	0	0	171	295	343
355	2016-11-04	95	5	0	11	4	1769	0	0	379	250	306
189	2016-11-05	77	6	1	11	4	1770	0	0	355	163	171
215	2016-11-06	91	0	1	11	4	1771	0	0	189	178	179
396	2016-11-07	115	1	0	11	4	1772	0	0	215	339	410
414	2016-11-08	101	2	0	11	4	1773	0	0	396	339	365
346	2016-11-09	85	3	0	11	4	1774	0	0	414	171	178
357	2016-11-10	76	4	0	11	4	1775	0	0	346	379	395
327	2016-11-11	74	5	0	11	4	1776	0	0	357	355	301
174	2016-11-12	66	6	1	11	4	1777	0	0	327	189	177
188	2016-11-13	83	0	1	11	4	1778	0	0	174	215	221
215	2016-11-14	70	1	0	11	4	1779	0	0	188	396	438
179	2016-11-15	61	2	0	11	4	1780	1	1	215	414	349
408	2016-11-16	91	3	0	11	4	1781	0	0	179	346	335
376	2016-11-17	99	4	0	11	4	1782	0	0	408	357	358
314	2016-11-18	88	5	0	11	4	1783	0	0	376	327	328
162	2016-11-19	46	6	1	11	4	1784	0	0	314	174	166
191	2016-11-20	87	0	1	11	4	1785	1	0	162	188	195
450	2016-11-21	125	1	0	11	4	1786	0	0	191	215	388
370	2016-11-22	93	2	0	11	4	1787	0	0	450	179	352
315	2016-11-23	75	3	0	11	4	1788	0	0	370	408	339
289	2016-11-24	80	4	0	11	4	1789	0	0	315	376	295
312	2016-11-25	92	5	0	11	4	1790	0	0	289	314	250
179	2016-11-26	71	6	1	11	4	1791	0	0	312	162	163
211	2016-11-27	109	0	1	11	4	1792	0	0	179	191	178
488	2016-11-28	159	1	0	11	4	1793	0	0	211	450	339
335	2016-11-29	76	2	0	11	4	1794	0	0	488	370	339
369	2016-11-30	116	3	0	11	4	1795	0	0	335	315	171
288	2016-12-01	94	4	0	12	4	1796	0	0	369	289	379
317	2016-12-02	101	5	0	12	4	1797	0	0	288	312	355
140	2016-12-03	54	6	1	12	4	1798	0	0	317	179	189
220	2016-12-04	84	0	1	12	4	1799	0	0	140	211	215
431	2016-12-05	127	1	0	12	4	1800	0	0	220	488	396
334	2016-12-06	102	2	0	12	4	1801	0	0	431	335	414
338	2016-12-07	93	3	0	12	4	1802	0	0	334	369	346
257	2016-12-08	67	4	0	12	4	1803	0	0	338	288	357
265	2016-12-09	64	5	0	12	4	1804	0	0	257	317	327
180	2016-12-10	82	6	1	12	4	1805	0	0	265	140	174
222	2016-12-11	105	0	1	12	4	1806	0	0	180	220	188
415	2016-12-12	126	1	0	12	4	1807	0	0	222	431	215
320	2016-12-13	76	2	0	12	4	1808	0	0	415	334	179
310	2016-12-14	80	3	0	12	4	1809	0	0	320	338	408
313	2016-12-15	75	4	0	12	4	1810	0	0	310	257	376
278	2016-12-16	83	5	0	12	4	1811	0	0	313	265	314
172	2016-12-17	69	6	1	12	4	1812	0	0	278	180	162
191	2016-12-18	88	0	1	12	4	1813	0	0	172	222	191
389	2016-12-19	121	1	0	12	4	1814	0	0	191	415	450
306	2016-12-20	82	2	0	12	4	1815	0	0	389	320	370
274	2016-12-21	71	3	0	12	4	1816	1	0	306	310	315
289	2016-12-22	80	4	0	12	4	1817	0	0	274	313	289
209	2016-12-23	64	5	0	12	4	1818	0	0	289	278	312
168	2016-12-24	68	6	1	12	4	1819	1	0	209	172	179
234	2016-12-25	110	0	1	12	4	1820	1	1	168	191	211
353	2016-12-26	108	1	0	12	4	1821	0	0	234	389	488
324	2016-12-27	89	2	0	12	4	1822	0	0	353	306	335
309	2016-12-28	88	3	0	12	4	1823	0	0	324	274	369
262	2016-12-29	66	4	0	12	4	1824	0	0	309	289	288
221	2016-12-30	72	5	0	12	4	1825	0	0	262	209	317
164	2016-12-31	75	6	1	12	4	1826	1	0	221	168	140
262	2017-01-01	144	0	1	1	1	1827	1	1	164	234	220
371	2017-01-02	107	1	0	1	1	1828	0	0	262	353	431
335	2017-01-03	92	2	0	1	1	1829	0	0	371	324	334
334	2017-01-04	87	3	0	1	1	1830	0	0	335	309	338
344	2017-01-05	95	4	0	1	1	1831	0	0	334	262	257
299	2017-01-06	75	5	0	1	1	1832	0	0	344	221	265
170	2017-01-07	75	6	1	1	1	1833	0	0	299	164	180
203	2017-01-08	89	0	1	1	1	1834	0	0	170	262	222
402	2017-01-09	132	1	0	1	1	1835	0	0	203	371	415
340	2017-01-10	95	2	0	1	1	1836	0	0	402	335	320
331	2017-01-11	86	3	0	1	1	1837	0	0	340	334	310
372	2017-01-12	88	4	0	1	1	1838	0	0	331	344	313
259	2017-01-13	75	5	0	1	1	1839	0	0	372	299	278
187	2017-01-14	81	6	1	1	1	1840	0	0	259	170	172
217	2017-01-15	92	0	1	1	1	1841	0	0	187	203	191
409	2017-01-16	135	1	0	1	1	1842	0	0	217	402	389
321	2017-01-17	82	2	0	1	1	1843	0	0	409	340	306
298	2017-01-18	83	3	0	1	1	1844	0	0	321	331	274
279	2017-01-19	73	4	0	1	1	1845	0	0	298	372	289
298	2017-01-20	105	5	0	1	1	1846	0	0	279	259	209
180	2017-01-21	78	6	1	1	1	1847	0	0	298	187	168
194	2017-01-22	89	0	1	1	1	1848	0	0	180	217	234
408	2017-01-23	130	1	0	1	1	1849	0	0	194	409	353
303	2017-01-24	84	2	0	1	1	1850	0	0	408	321	324
258	2017-01-25	57	3	0	1	1	1851	0	0	303	298	309
316	2017-01-26	89	4	0	1	1	1852	0	0	258	279	262
295	2017-01-27	71	5	0	1	1	1853	0	0	316	298	221
182	2017-01-28	76	6	1	1	1	1854	0	0	295	180	164
210	2017-01-29	95	0	1	1	1	1855	0	0	182	194	262
491	2017-01-30	137	1	0	1	1	1856	0	0	210	408	371
382	2017-01-31	101	2	0	1	1	1857	0	0	491	303	335
316	2017-02-01	81	3	0	2	1	1858	0	0	382	258	334
277	2017-02-02	87	4	0	2	1	1859	0	0	316	316	344
280	2017-02-03	57	5	0	2	1	1860	0	0	277	295	299
202	2017-02-04	79	6	1	2	1	1861	0	0	280	182	170
240	2017-02-05	112	0	1	2	1	1862	0	0	202	210	203
391	2017-02-06	123	1	0	2	1	1863	0	0	240	491	402
304	2017-02-07	81	2	0	2	1	1864	0	0	391	382	340
336	2017-02-08	90	3	0	2	1	1865	0	0	304	316	331
370	2017-02-09	75	4	0	2	1	1866	0	0	336	277	372
291	2017-02-10	77	5	0	2	1	1867	0	0	370	280	259
217	2017-02-11	86	6	1	2	1	1868	0	0	291	202	187
225	2017-02-12	109	0	1	2	1	1869	0	0	217	240	217
451	2017-02-13	124	1	0	2	1	1870	0	0	225	391	409
360	2017-02-14	73	2	0	2	1	1871	0	0	451	304	321
310	2017-02-15	101	3	0	2	1	1872	0	0	360	336	298
290	2017-02-16	80	4	0	2	1	1873	0	0	310	370	279
306	2017-02-17	80	5	0	2	1	1874	0	0	290	291	298
194	2017-02-18	83	6	1	2	1	1875	0	0	306	217	180
282	2017-02-19	138	0	1	2	1	1876	0	0	194	225	194
474	2017-02-20	133	1	0	2	1	1877	0	0	282	451	408
402	2017-02-21	124	2	0	2	1	1878	0	0	474	360	303
344	2017-02-22	97	3	0	2	1	1879	0	0	402	310	258
397	2017-02-23	97	4	0	2	1	1880	0	0	344	290	316
295	2017-02-24	92	5	0	2	1	1881	1	0	397	306	295
225	2017-02-25	89	6	1	2	1	1882	1	0	295	194	182
196	2017-02-26	104	0	1	2	1	1883	1	0	225	282	210
229	2017-02-27	75	1	0	2	1	1884	1	0	196	474	491
216	2017-02-28	91	2	0	2	1	1885	1	0	229	402	382
327	2017-03-01	83	3	0	3	1	1886	1	0	216	344	316
351	2017-03-02	76	4	0	3	1	1887	0	0	327	397	277
326	2017-03-03	89	5	0	3	1	1888	0	0	351	295	280
191	2017-03-04	72	6	1	3	1	1889	0	0	326	225	202
214	2017-03-05	102	0	1	3	1	1890	0	0	191	196	240
430	2017-03-06	120	1	0	3	1	1891	0	0	214	229	391
354	2017-03-07	88	2	0	3	1	1892	0	0	430	216	304
321	2017-03-08	84	3	0	3	1	1893	0	0	354	327	336
332	2017-03-09	78	4	0	3	1	1894	0	0	321	351	370
347	2017-03-10	99	5	0	3	1	1895	0	0	332	326	291
192	2017-03-11	74	6	1	3	1	1896	0	0	347	191	217
227	2017-03-12	110	0	1	3	1	1897	0	0	192	214	225
488	2017-03-13	146	1	0	3	1	1898	0	0	227	430	451
383	2017-03-14	103	2	0	3	1	1899	0	0	488	354	360
329	2017-03-15	88	3	0	3	1	1900	0	0	383	321	310
303	2017-03-16	88	4	0	3	1	1901	0	0	329	332	290
358	2017-03-17	98	5	0	3	1	1902	0	0	303	347	306
186	2017-03-18	77	6	1	3	1	1903	0	0	358	192	194
195	2017-03-19	80	0	1	3	1	1904	0	0	186	227	282
450	2017-03-20	119	1	0	3	1	1905	1	0	195	488	474
311	2017-03-21	74	2	0	3	1	1906	0	0	450	383	402
350	2017-03-22	75	3	0	3	1	1907	0	0	311	329	344
309	2017-03-23	77	4	0	3	1	1908	0	0	350	303	397
331	2017-03-24	74	5	0	3	1	1909	0	0	309	358	295
193	2017-03-25	84	6	1	3	1	1910	0	0	331	186	225
198	2017-03-26	102	0	1	3	1	1911	0	0	193	195	196
411	2017-03-27	128	1	0	3	1	1912	0	0	198	450	229
348	2017-03-28	84	2	0	3	1	1913	0	0	411	311	216
322	2017-03-29	88	3	0	3	1	1914	0	0	348	350	327
349	2017-03-30	76	4	0	3	1	1915	0	0	322	309	351
354	2017-03-31	83	5	0	3	1	1916	0	0	349	331	326
162	2017-04-01	61	6	1	4	2	1917	0	0	354	193	191
197	2017-04-02	86	0	1	4	2	1918	0	0	162	198	214
453	2017-04-03	135	1	0	4	2	1919	0	0	197	411	430
342	2017-04-04	80	2	0	4	2	1920	0	0	453	348	354
318	2017-04-05	91	3	0	4	2	1921	0	0	342	322	321
353	2017-04-06	92	4	0	4	2	1922	0	0	318	349	332
354	2017-04-07	89	5	0	4	2	1923	0	0	353	354	347
218	2017-04-08	89	6	1	4	2	1924	0	0	354	162	192
238	2017-04-09	110	0	1	4	2	1925	0	0	218	197	227
460	2017-04-10	141	1	0	4	2	1926	0	0	238	453	488
380	2017-04-11	109	2	0	4	2	1927	0	0	460	342	383
353	2017-04-12	99	3	0	4	2	1928	0	0	380	318	329
289	2017-04-13	73	4	0	4	2	1929	0	0	353	353	303
200	2017-04-14	88	5	0	4	2	1930	1	1	289	354	358
196	2017-04-15	73	6	1	4	2	1931	0	0	200	218	186
220	2017-04-16	117	0	1	4	2	1932	1	0	196	238	195
487	2017-04-17	137	1	0	4	2	1933	0	0	220	460	450
387	2017-04-18	83	2	0	4	2	1934	0	0	487	380	311
323	2017-04-19	78	3	0	4	2	1935	0	0	387	353	350
405	2017-04-20	103	4	0	4	2	1936	0	0	323	289	309
175	2017-04-21	65	5	0	4	2	1937	1	1	405	200	331
165	2017-04-22	76	6	1	4	2	1938	0	0	175	196	193
184	2017-04-23	72	0	1	4	2	1939	0	0	165	220	198
483	2017-04-24	141	1	0	4	2	1940	0	0	184	487	411
402	2017-04-25	101	2	0	4	2	1941	0	0	483	387	348
344	2017-04-26	90	3	0	4	2	1942	0	0	402	323	322
380	2017-04-27	98	4	0	4	2	1943	0	0	344	405	349
308	2017-04-28	72	5	0	4	2	1944	0	0	380	175	354
138	2017-04-29	49	6	1	4	2	1945	0	0	308	165	162
218	2017-04-30	88	0	1	4	2	1946	0	0	138	184	197
170	2017-05-01	73	1	0	5	2	1947	1	1	218	483	453
483	2017-05-02	149	2	0	5	2	1948	0	0	170	402	342
375	2017-05-03	85	3	0	5	2	1949	0	0	483	344	318
330	2017-05-04	90	4	0	5	2	1950	0	0	375	380	353
336	2017-05-05	79	5	0	5	2	1951	0	0	330	308	354
171	2017-05-06	55	6	1	5	2	1952	0	0	336	138	218
211	2017-05-07	110	0	1	5	2	1953	0	0	171	218	238
473	2017-05-08	139	1	0	5	2	1954	0	0	211	170	460
365	2017-05-09	93	2	0	5	2	1955	0	0	473	483	380
383	2017-05-10	99	3	0	5	2	1956	0	0	365	375	353
351	2017-05-11	99	4	0	5	2	1957	0	0	383	330	289
310	2017-05-12	69	5	0	5	2	1958	0	0	351	336	200
222	2017-05-13	78	6	1	5	2	1959	0	0	310	171	196
224	2017-05-14	107	0	1	5	2	1960	1	0	222	211	220
469	2017-05-15	145	1	0	5	2	1961	0	0	224	473	487
398	2017-05-16	101	2	0	5	2	1962	0	0	469	365	387
416	2017-05-17	111	3	0	5	2	1963	0	0	398	383	323
325	2017-05-18	92	4	0	5	2	1964	0	0	416	351	405
333	2017-05-19	97	5	0	5	2	1965	0	0	325	310	175
167	2017-05-20	64	6	1	5	2	1966	0	0	333	222	165
180	2017-05-21	80	0	1	5	2	1967	0	0	167	224	184
435	2017-05-22	117	1	0	5	2	1968	0	0	180	469	483
396	2017-05-23	92	2	0	5	2	1969	0	0	435	398	402
399	2017-05-24	85	3	0	5	2	1970	0	0	396	416	344
348	2017-05-25	95	4	0	5	2	1971	0	0	399	325	380
378	2017-05-26	93	5	0	5	2	1972	0	0	348	333	308
182	2017-05-27	75	6	1	5	2	1973	0	0	378	167	138
227	2017-05-28	117	0	1	5	2	1974	0	0	182	180	218
495	2017-05-29	138	1	0	5	2	1975	0	0	227	435	170
411	2017-05-30	109	2	0	5	2	1976	0	0	495	396	483
367	2017-05-31	88	3	0	5	2	1977	0	0	411	399	375
338	2017-06-01	80	4	0	6	2	1978	0	0	367	348	330
329	2017-06-02	85	5	0	6	2	1979	0	0	338	378	336
186	2017-06-03	68	6	1	6	2	1980	0	0	329	182	171
235	2017-06-04	109	0	1	6	2	1981	0	0	186	227	211
458	2017-06-05	130	1	0	6	2	1982	0	0	235	495	473
365	2017-06-06	98	2	0	6	2	1983	0	0	458	411	365
385	2017-06-07	108	3	0	6	2	1984	0	0	365	367	383
372	2017-06-08	80	4	0	6	2	1985	0	0	385	338	351
375	2017-06-09	101	5	0	6	2	1986	0	0	372	329	310
170	2017-06-10	82	6	1	6	2	1987	0	0	375	186	222
211	2017-06-11	93	0	1	6	2	1988	0	0	170	235	224
442	2017-06-12	128	1	0	6	2	1989	1	0	211	458	469
406	2017-06-13	95	2	0	6	2	1990	0	0	442	365	398
342	2017-06-14	89	3	0	6	2	1991	0	0	406	385	416
184	2017-06-15	60	4	0	6	2	1992	1	0	342	372	325
270	2017-06-16	72	5	0	6	2	1993	0	0	184	375	333
158	2017-06-17	64	6	1	6	2	1994	0	0	270	170	167
216	2017-06-18	99	0	1	6	2	1995	0	0	158	211	180
519	2017-06-19	135	1	0	6	2	1996	0	0	216	442	435
416	2017-06-20	107	2	0	6	2	1997	0	0	519	406	396
372	2017-06-21	84	3	0	6	2	1998	1	0	416	342	399
384	2017-06-22	103	4	0	6	2	1999	0	0	372	184	348
328	2017-06-23	75	5	0	6	2	2000	0	0	384	270	378
200	2017-06-24	99	6	1	6	2	2001	0	0	328	158	182
196	2017-06-25	89	0	1	6	2	2002	0	0	200	216	227
460	2017-06-26	149	1	0	6	2	2003	0	0	196	519	495
372	2017-06-27	68	2	0	6	2	2004	0	0	460	416	411
334	2017-06-28	78	3	0	6	2	2005	0	0	372	372	367
371	2017-06-29	82	4	0	6	2	2006	0	0	334	384	338
338	2017-06-30	101	5	0	6	2	2007	0	0	371	328	329
194	2017-07-01	60	6	1	7	3	2008	0	0	338	200	186
187	2017-07-02	90	0	1	7	3	2009	0	0	194	196	235
450	2017-07-03	124	1	0	7	3	2010	0	0	187	460	458
371	2017-07-04	67	2	0	7	3	2011	0	0	450	372	365
311	2017-07-05	84	3	0	7	3	2012	0	0	371	334	385
339	2017-07-06	71	4	0	7	3	2013	0	0	311	371	372
337	2017-07-07	95	5	0	7	3	2014	0	0	339	338	375
151	2017-07-08	63	6	1	7	3	2015	0	0	337	194	170
227	2017-07-09	98	0	1	7	3	2016	0	0	151	187	211
433	2017-07-10	127	1	0	7	3	2017	0	0	227	450	442
384	2017-07-11	82	2	0	7	3	2018	0	0	433	371	406
370	2017-07-12	84	3	0	7	3	2019	0	0	384	311	342
316	2017-07-13	66	4	0	7	3	2020	0	0	370	339	184
358	2017-07-14	77	5	0	7	3	2021	0	0	316	337	270
174	2017-07-15	54	6	1	7	3	2022	0	0	358	151	158
221	2017-07-16	99	0	1	7	3	2023	0	0	174	227	216
494	2017-07-17	146	1	0	7	3	2024	0	0	221	433	519
368	2017-07-18	65	2	0	7	3	2025	0	0	494	384	416
305	2017-07-19	59	3	0	7	3	2026	0	0	368	370	372
339	2017-07-20	74	4	0	7	3	2027	0	0	305	316	384
333	2017-07-21	81	5	0	7	3	2028	0	0	339	358	328
181	2017-07-22	71	6	1	7	3	2029	0	0	333	174	200
211	2017-07-23	82	0	1	7	3	2030	0	0	181	221	196
494	2017-07-24	125	1	0	7	3	2031	0	0	211	494	460
387	2017-07-25	92	2	0	7	3	2032	0	0	494	368	372
306	2017-07-26	56	3	0	7	3	2033	0	0	387	305	334
362	2017-07-27	103	4	0	7	3	2034	0	0	306	339	371
356	2017-07-28	91	5	0	7	3	2035	0	0	362	333	338
194	2017-07-29	91	6	1	7	3	2036	0	0	356	181	194
212	2017-07-30	96	0	1	7	3	2037	0	0	194	211	187
462	2017-07-31	141	1	0	7	3	2038	0	0	212	494	450
375	2017-08-01	101	2	0	8	3	2039	0	0	462	387	371
383	2017-08-02	90	3	0	8	3	2040	0	0	375	306	311
363	2017-08-03	80	4	0	8	3	2041	0	0	383	362	339
348	2017-08-04	89	5	0	8	3	2042	0	0	363	356	337
181	2017-08-05	72	6	1	8	3	2043	0	0	348	194	151
217	2017-08-06	90	0	1	8	3	2044	0	0	181	212	227
517	2017-08-07	150	1	0	8	3	2045	0	0	217	462	433
426	2017-08-08	101	2	0	8	3	2046	0	0	517	375	384
431	2017-08-09	116	3	0	8	3	2047	0	0	426	383	370
365	2017-08-10	94	4	0	8	3	2048	0	0	431	363	316
360	2017-08-11	88	5	0	8	3	2049	0	0	365	348	358
220	2017-08-12	84	6	1	8	3	2050	0	0	360	181	174
264	2017-08-13	132	0	1	8	3	2051	1	0	220	217	221
532	2017-08-14	159	1	0	8	3	2052	0	0	264	517	494
424	2017-08-15	94	2	0	8	3	2053	0	0	532	426	368
408	2017-08-16	117	3	0	8	3	2054	0	0	424	431	305
420	2017-08-17	92	4	0	8	3	2055	0	0	408	365	339
379	2017-08-18	95	5	0	8	3	2056	0	0	420	360	333
181	2017-08-19	67	6	1	8	3	2057	0	0	379	220	181
220	2017-08-20	91	0	1	8	3	2058	0	0	181	264	211
509	2017-08-21	129	1	0	8	3	2059	0	0	220	532	494
426	2017-08-22	93	2	0	8	3	2060	0	0	509	424	387
411	2017-08-23	95	3	0	8	3	2061	0	0	426	408	306
351	2017-08-24	89	4	0	8	3	2062	0	0	411	420	362
420	2017-08-25	125	5	0	8	3	2063	0	0	351	379	356
218	2017-08-26	86	6	1	8	3	2064	0	0	420	181	194
275	2017-08-27	123	0	1	8	3	2065	0	0	218	220	212
573	2017-08-28	180	1	0	8	3	2066	0	0	275	509	462
400	2017-08-29	99	2	0	8	3	2067	0	0	573	426	375
405	2017-08-30	100	3	0	8	3	2068	0	0	400	411	383
358	2017-08-31	69	4	0	8	3	2069	0	0	405	351	363
339	2017-09-01	106	5	0	9	3	2070	0	0	358	420	348
205	2017-09-02	90	6	1	9	3	2071	0	0	339	218	181
263	2017-09-03	105	0	1	9	3	2072	0	0	205	275	217
546	2017-09-04	175	1	0	9	3	2073	0	0	263	573	517
387	2017-09-05	114	2	0	9	3	2074	0	0	546	400	426
451	2017-09-06	105	3	0	9	3	2075	0	0	387	405	431
219	2017-09-07	87	4	0	9	3	2076	1	1	451	358	365
265	2017-09-08	83	5	0	9	3	2077	0	0	219	339	360
217	2017-09-09	96	6	1	9	3	2078	0	0	265	205	220
275	2017-09-10	109	0	1	9	3	2079	0	0	217	263	264
530	2017-09-11	160	1	0	9	3	2080	0	0	275	546	532
410	2017-09-12	93	2	0	9	3	2081	0	0	530	387	424
456	2017-09-13	113	3	0	9	3	2082	0	0	410	451	408
370	2017-09-14	91	4	0	9	3	2083	0	0	456	219	420
398	2017-09-15	106	5	0	9	3	2084	0	0	370	265	379
243	2017-09-16	104	6	1	9	3	2085	0	0	398	217	181
265	2017-09-17	106	0	1	9	3	2086	0	0	243	275	220
515	2017-09-18	152	1	0	9	3	2087	0	0	265	530	509
473	2017-09-19	103	2	0	9	3	2088	0	0	515	410	426
401	2017-09-20	93	3	0	9	3	2089	0	0	473	456	411
409	2017-09-21	102	4	0	9	3	2090	0	0	401	370	351
365	2017-09-22	92	5	0	9	3	2091	1	0	409	398	420
218	2017-09-23	96	6	1	9	3	2092	0	0	365	243	218
255	2017-09-24	100	0	1	9	3	2093	0	0	218	265	275
519	2017-09-25	134	1	0	9	3	2094	0	0	255	515	573
415	2017-09-26	113	2	0	9	3	2095	0	0	519	473	400
400	2017-09-27	81	3	0	9	3	2096	0	0	415	401	405
427	2017-09-28	108	4	0	9	3	2097	0	0	400	409	358
375	2017-09-29	97	5	0	9	3	2098	0	0	427	365	339
235	2017-09-30	66	6	1	9	3	2099	0	0	375	218	205
283	2017-10-01	115	0	1	10	4	2100	0	0	235	255	263
492	2017-10-02	142	1	0	10	4	2101	0	0	283	519	546
381	2017-10-03	107	2	0	10	4	2102	0	0	492	415	387
390	2017-10-04	105	3	0	10	4	2103	0	0	381	400	451
361	2017-10-05	79	4	0	10	4	2104	0	0	390	427	219
425	2017-10-06	110	5	0	10	4	2105	0	0	361	375	265
193	2017-10-07	71	6	1	10	4	2106	0	0	425	235	217
252	2017-10-08	123	0	1	10	4	2107	0	0	193	283	275
566	2017-10-09	198	1	0	10	4	2108	0	0	252	492	530
469	2017-10-10	133	2	0	10	4	2109	0	0	566	381	410
409	2017-10-11	85	3	0	10	4	2110	0	0	469	390	456
274	2017-10-12	93	4	0	10	4	2111	1	1	409	361	370
286	2017-10-13	98	5	0	10	4	2112	0	0	274	425	398
218	2017-10-14	90	6	1	10	4	2113	0	0	286	193	243
253	2017-10-15	115	0	1	10	4	2114	1	0	218	252	265
561	2017-10-16	148	1	0	10	4	2115	0	0	253	566	515
423	2017-10-17	97	2	0	10	4	2116	0	0	561	469	473
413	2017-10-18	89	3	0	10	4	2117	0	0	423	409	401
444	2017-10-19	112	4	0	10	4	2118	0	0	413	274	409
413	2017-10-20	98	5	0	10	4	2119	0	0	444	286	365
233	2017-10-21	102	6	1	10	4	2120	0	0	413	218	218
267	2017-10-22	120	0	1	10	4	2121	0	0	233	253	255
525	2017-10-23	145	1	0	10	4	2122	0	0	267	561	519
450	2017-10-24	115	2	0	10	4	2123	0	0	525	423	415
381	2017-10-25	98	3	0	10	4	2124	0	0	450	413	400
390	2017-10-26	80	4	0	10	4	2125	0	0	381	444	427
392	2017-10-27	105	5	0	10	4	2126	0	0	390	413	375
178	2017-10-28	75	6	1	10	4	2127	1	0	392	233	235
269	2017-10-29	127	0	1	10	4	2128	0	0	178	267	283
536	2017-10-30	149	1	0	10	4	2129	0	0	269	525	492
502	2017-10-31	113	2	0	10	4	2130	0	0	536	450	381
405	2017-11-01	94	3	0	11	4	2131	0	0	502	381	390
174	2017-11-02	64	4	0	11	4	2132	1	1	405	390	361
256	2017-11-03	75	5	0	11	4	2133	0	0	174	392	425
235	2017-11-04	99	6	1	11	4	2134	0	0	256	178	193
239	2017-11-05	97	0	1	11	4	2135	0	0	235	269	252
541	2017-11-06	136	1	0	11	4	2136	0	0	239	536	566
389	2017-11-07	114	2	0	11	4	2137	0	0	541	502	469
389	2017-11-08	81	3	0	11	4	2138	0	0	389	405	409
423	2017-11-09	103	4	0	11	4	2139	0	0	389	174	274
377	2017-11-10	94	5	0	11	4	2140	0	0	423	256	286
220	2017-11-11	77	6	1	11	4	2141	0	0	377	235	218
275	2017-11-12	119	0	1	11	4	2142	0	0	220	239	253
546	2017-11-13	147	1	0	11	4	2143	0	0	275	541	561
381	2017-11-14	96	2	0	11	4	2144	0	0	546	389	423
189	2017-11-15	88	3	0	11	4	2145	1	1	381	389	413
456	2017-11-16	107	4	0	11	4	2146	0	0	189	423	444
408	2017-11-17	77	5	0	11	4	2147	0	0	456	377	413
210	2017-11-18	67	6	1	11	4	2148	0	0	408	220	233
251	2017-11-19	101	0	1	11	4	2149	0	0	210	275	267
400	2017-11-20	144	1	0	11	4	2150	1	0	251	546	525
426	2017-11-21	118	2	0	11	4	2151	0	0	400	381	450
399	2017-11-22	92	3	0	11	4	2152	0	0	426	189	381
387	2017-11-23	98	4	0	11	4	2153	0	0	399	456	390
367	2017-11-24	85	5	0	11	4	2154	0	0	387	408	392
227	2017-11-25	105	6	1	11	4	2155	0	0	367	210	178
241	2017-11-26	108	0	1	11	4	2156	0	0	227	251	269
496	2017-11-27	150	1	0	11	4	2157	0	0	241	400	536
398	2017-11-28	123	2	0	11	4	2158	0	0	496	426	502
395	2017-11-29	108	3	0	11	4	2159	0	0	398	399	405
410	2017-11-30	103	4	0	11	4	2160	0	0	395	387	174
368	2017-12-01	102	5	0	12	4	2161	0	0	410	367	256
216	2017-12-02	98	6	1	12	4	2162	0	0	368	227	235
254	2017-12-03	131	0	1	12	4	2163	0	0	216	241	239
533	2017-12-04	168	1	0	12	4	2164	0	0	254	496	541
385	2017-12-05	99	2	0	12	4	2165	0	0	533	398	389
414	2017-12-06	90	3	0	12	4	2166	0	0	385	395	389
391	2017-12-07	111	4	0	12	4	2167	0	0	414	410	423
348	2017-12-08	93	5	0	12	4	2168	0	0	391	368	377
230	2017-12-09	107	6	1	12	4	2169	0	0	348	216	220
287	2017-12-10	131	0	1	12	4	2170	0	0	230	254	275
508	2017-12-11	182	1	0	12	4	2171	0	0	287	533	546
410	2017-12-12	99	2	0	12	4	2172	0	0	508	385	381
385	2017-12-13	86	3	0	12	4	2173	0	0	410	414	189
351	2017-12-14	96	4	0	12	4	2174	0	0	385	391	456
417	2017-12-15	110	5	0	12	4	2175	0	0	351	348	408
254	2017-12-16	113	6	1	12	4	2176	0	0	417	230	210
268	2017-12-17	121	0	1	12	4	2177	0	0	254	287	251
480	2017-12-18	145	1	0	12	4	2178	0	0	268	508	400
416	2017-12-19	108	2	0	12	4	2179	0	0	480	410	426
378	2017-12-20	105	3	0	12	4	2180	0	0	416	385	399
357	2017-12-21	79	4	0	12	4	2181	1	0	378	351	387
372	2017-12-22	101	5	0	12	4	2182	0	0	357	417	367
193	2017-12-23	75	6	1	12	4	2183	0	0	372	254	227
220	2017-12-24	102	0	1	12	4	2184	1	0	193	268	241
269	2017-12-25	164	1	0	12	4	2185	1	1	220	480	496
439	2017-12-26	124	2	0	12	4	2186	0	0	269	416	398
423	2017-12-27	99	3	0	12	4	2187	0	0	439	378	395
425	2017-12-28	111	4	0	12	4	2188	0	0	423	357	410
324	2017-12-29	77	5	0	12	4	2189	0	0	425	372	368
201	2017-12-30	81	6	1	12	4	2190	0	0	324	193	216
224	2017-12-31	92	0	1	12	4	2191	1	0	201	220	254
340	2018-01-01	186	1	0	1	1	2192	1	1	224	269	533
541	2018-01-02	165	2	0	1	1	2193	0	0	340	439	385
400	2018-01-03	105	3	0	1	1	2194	0	0	541	423	414
409	2018-01-04	104	4	0	1	1	2195	0	0	400	425	391
464	2018-01-05	99	5	0	1	1	2196	0	0	409	324	348
245	2018-01-06	96	6	1	1	1	2197	0	0	464	201	230
236	2018-01-07	89	0	1	1	1	2198	0	0	245	224	287
470	2018-01-08	139	1	0	1	1	2199	0	0	236	340	508
378	2018-01-09	81	2	0	1	1	2200	0	0	470	541	410
409	2018-01-10	102	3	0	1	1	2201	0	0	378	400	385
388	2018-01-11	101	4	0	1	1	2202	0	0	409	409	351
355	2018-01-12	87	5	0	1	1	2203	0	0	388	464	417
226	2018-01-13	89	6	1	1	1	2204	0	0	355	245	254
249	2018-01-14	116	0	1	1	1	2205	0	0	226	236	268
477	2018-01-15	138	1	0	1	1	2206	0	0	249	470	480
389	2018-01-16	99	2	0	1	1	2207	0	0	477	378	416
375	2018-01-17	87	3	0	1	1	2208	0	0	389	409	378
398	2018-01-18	110	4	0	1	1	2209	0	0	375	388	357
394	2018-01-19	102	5	0	1	1	2210	0	0	398	355	372
254	2018-01-20	111	6	1	1	1	2211	0	0	394	226	193
322	2018-01-21	158	0	1	1	1	2212	0	0	254	249	220
485	2018-01-22	124	1	0	1	1	2213	0	0	322	477	269
426	2018-01-23	133	2	0	1	1	2214	0	0	485	389	439
423	2018-01-24	120	3	0	1	1	2215	0	0	426	375	423
411	2018-01-25	102	4	0	1	1	2216	0	0	423	398	425
360	2018-01-26	92	5	0	1	1	2217	0	0	411	394	324
247	2018-01-27	102	6	1	1	1	2218	0	0	360	254	201
274	2018-01-28	131	0	1	1	1	2219	0	0	247	322	224
492	2018-01-29	157	1	0	1	1	2220	0	0	274	485	340
384	2018-01-30	99	2	0	1	1	2221	0	0	492	426	541
463	2018-01-31	126	3	0	1	1	2222	0	0	384	423	400
399	2018-02-01	116	4	0	2	1	2223	0	0	463	411	409
391	2018-02-02	111	5	0	2	1	2224	0	0	399	360	464
232	2018-02-03	88	6	1	2	1	2225	0	0	391	247	245
259	2018-02-04	123	0	1	2	1	2226	0	0	232	274	236
506	2018-02-05	152	1	0	2	1	2227	0	0	259	492	470
386	2018-02-06	106	2	0	2	1	2228	0	0	506	384	378
394	2018-02-07	94	3	0	2	1	2229	0	0	386	463	409
414	2018-02-08	113	4	0	2	1	2230	0	0	394	399	388
380	2018-02-09	119	5	0	2	1	2231	1	0	414	391	355
272	2018-02-10	121	6	1	2	1	2232	1	0	380	232	226
307	2018-02-11	149	0	1	2	1	2233	1	0	272	259	249
305	2018-02-12	128	1	0	2	1	2234	1	0	307	506	477
248	2018-02-13	104	2	0	2	1	2235	1	0	305	386	389
333	2018-02-14	101	3	0	2	1	2236	1	0	248	394	375
450	2018-02-15	118	4	0	2	1	2237	0	0	333	414	398
413	2018-02-16	99	5	0	2	1	2238	0	0	450	380	394
241	2018-02-17	91	6	1	2	1	2239	0	0	413	272	254
262	2018-02-18	108	0	1	2	1	2240	0	0	241	307	322
486	2018-02-19	147	1	0	2	1	2241	0	0	262	305	485
433	2018-02-20	116	2	0	2	1	2242	0	0	486	248	426
430	2018-02-21	105	3	0	2	1	2243	0	0	433	333	423
378	2018-02-22	105	4	0	2	1	2244	0	0	430	450	411
390	2018-02-23	101	5	0	2	1	2245	0	0	378	413	360
234	2018-02-24	101	6	1	2	1	2246	0	0	390	241	247
299	2018-02-25	141	0	1	2	1	2247	0	0	234	262	274
481	2018-02-26	134	1	0	2	1	2248	0	0	299	486	492
407	2018-02-27	109	2	0	2	1	2249	0	0	481	433	384
447	2018-02-28	112	3	0	2	1	2250	0	0	407	430	463
400	2018-03-01	105	4	0	3	1	2251	0	0	447	378	399
354	2018-03-02	90	5	0	3	1	2252	0	0	400	390	391
237	2018-03-03	86	6	1	3	1	2253	0	0	354	234	232
260	2018-03-04	114	0	1	3	1	2254	0	0	237	299	259
531	2018-03-05	162	1	0	3	1	2255	0	0	260	481	506
404	2018-03-06	106	2	0	3	1	2256	0	0	531	407	386
396	2018-03-07	108	3	0	3	1	2257	0	0	404	447	394
390	2018-03-08	93	4	0	3	1	2258	0	0	396	400	414
413	2018-03-09	110	5	0	3	1	2259	0	0	390	354	380
268	2018-03-10	105	6	1	3	1	2260	0	0	413	237	272
344	2018-03-11	155	0	1	3	1	2261	0	0	268	260	307
522	2018-03-12	176	1	0	3	1	2262	0	0	344	531	305
403	2018-03-13	114	2	0	3	1	2263	0	0	522	404	248
431	2018-03-14	126	3	0	3	1	2264	0	0	403	396	333
397	2018-03-15	112	4	0	3	1	2265	0	0	431	390	450
438	2018-03-16	96	5	0	3	1	2266	0	0	397	413	413
226	2018-03-17	94	6	1	3	1	2267	0	0	438	268	241
335	2018-03-18	166	0	1	3	1	2268	0	0	226	344	262
553	2018-03-19	163	1	0	3	1	2269	0	0	335	522	486
433	2018-03-20	116	2	0	3	1	2270	1	0	553	403	433
409	2018-03-21	104	3	0	3	1	2271	0	0	433	431	430
473	2018-03-22	135	4	0	3	1	2272	0	0	409	397	378
467	2018-03-23	115	5	0	3	1	2273	0	0	473	438	390
251	2018-03-24	100	6	1	3	1	2274	0	0	467	226	234
235	2018-03-25	106	0	1	3	1	2275	0	0	251	335	299
550	2018-03-26	158	1	0	3	1	2276	0	0	235	553	481
404	2018-03-27	99	2	0	3	1	2277	0	0	550	433	407
399	2018-03-28	113	3	0	3	1	2278	0	0	404	409	447
313	2018-03-29	82	4	0	3	1	2279	0	0	399	473	400
223	2018-03-30	88	5	0	3	1	2280	1	1	313	467	354
245	2018-03-31	105	6	1	3	1	2281	0	0	223	251	237
290	2018-04-01	130	0	1	4	2	2282	1	0	245	235	260
535	2018-04-02	172	1	0	4	2	2283	0	0	290	550	531
402	2018-04-03	113	2	0	4	2	2284	0	0	535	404	404
433	2018-04-04	113	3	0	4	2	2285	0	0	402	399	396
367	2018-04-05	94	4	0	4	2	2286	0	0	433	313	390
410	2018-04-06	119	5	0	4	2	2287	0	0	367	223	413
232	2018-04-07	93	6	1	4	2	2288	0	0	410	245	268
286	2018-04-08	139	0	1	4	2	2289	0	0	232	290	344
512	2018-04-09	150	1	0	4	2	2290	0	0	286	535	522
475	2018-04-10	105	2	0	4	2	2291	0	0	512	402	403
491	2018-04-11	129	3	0	4	2	2292	0	0	475	433	431
361	2018-04-12	97	4	0	4	2	2293	0	0	491	367	397
448	2018-04-13	104	5	0	4	2	2294	0	0	361	410	438
244	2018-04-14	111	6	1	4	2	2295	0	0	448	232	226
221	2018-04-15	108	0	1	4	2	2296	0	0	244	286	335
517	2018-04-16	153	1	0	4	2	2297	0	0	221	512	553
387	2018-04-17	91	2	0	4	2	2298	0	0	517	475	433
395	2018-04-18	88	3	0	4	2	2299	0	0	387	491	409
346	2018-04-19	96	4	0	4	2	2300	0	0	395	361	473
402	2018-04-20	91	5	0	4	2	2301	0	0	346	448	467
221	2018-04-21	98	6	1	4	2	2302	1	1	402	244	251
256	2018-04-22	110	0	1	4	2	2303	0	0	221	221	235
478	2018-04-23	148	1	0	4	2	2304	0	0	256	517	550
360	2018-04-24	88	2	0	4	2	2305	0	0	478	387	404
447	2018-04-25	109	3	0	4	2	2306	0	0	360	395	399
409	2018-04-26	112	4	0	4	2	2307	0	0	447	346	313
364	2018-04-27	94	5	0	4	2	2308	0	0	409	402	223
231	2018-04-28	96	6	1	4	2	2309	0	0	364	221	245
243	2018-04-29	115	0	1	4	2	2310	0	0	231	256	290
377	2018-04-30	104	1	0	4	2	2311	0	0	243	478	535
241	2018-05-01	74	2	0	5	2	2312	1	1	377	360	402
485	2018-05-02	127	3	0	5	2	2313	0	0	241	447	433
383	2018-05-03	85	4	0	5	2	2314	0	0	485	409	367
433	2018-05-04	122	5	0	5	2	2315	0	0	383	364	410
236	2018-05-05	108	6	1	5	2	2316	0	0	433	231	232
273	2018-05-06	122	0	1	5	2	2317	0	0	236	243	286
503	2018-05-07	144	1	0	5	2	2318	0	0	273	377	512
407	2018-05-08	102	2	0	5	2	2319	0	0	503	241	475
395	2018-05-09	100	3	0	5	2	2320	0	0	407	485	491
415	2018-05-10	102	4	0	5	2	2321	0	0	395	383	361
397	2018-05-11	102	5	0	5	2	2322	0	0	415	433	448
205	2018-05-12	79	6	1	5	2	2323	0	0	397	236	244
240	2018-05-13	114	0	1	5	2	2324	1	0	205	273	221
488	2018-05-14	142	1	0	5	2	2325	0	0	240	503	517
442	2018-05-15	114	2	0	5	2	2326	0	0	488	407	387
443	2018-05-16	119	3	0	5	2	2327	0	0	442	395	395
398	2018-05-17	91	4	0	5	2	2328	0	0	443	415	346
444	2018-05-18	118	5	0	5	2	2329	0	0	398	397	402
178	2018-05-19	67	6	1	5	2	2330	0	0	444	205	221
210	2018-05-20	92	0	1	5	2	2331	0	0	178	240	256
465	2018-05-21	126	1	0	5	2	2332	0	0	210	488	478
395	2018-05-22	124	2	0	5	2	2333	0	0	465	442	360
400	2018-05-23	84	3	0	5	2	2334	0	0	395	443	447
357	2018-05-24	92	4	0	5	2	2335	0	0	400	398	409
406	2018-05-25	99	5	0	5	2	2336	0	0	357	444	364
198	2018-05-26	75	6	1	5	2	2337	0	0	406	178	231
248	2018-05-27	122	0	1	5	2	2338	0	0	198	210	243
518	2018-05-28	131	1	0	5	2	2339	0	0	248	465	377
392	2018-05-29	103	2	0	5	2	2340	0	0	518	395	241
427	2018-05-30	111	3	0	5	2	2341	0	0	392	400	485
243	2018-05-31	78	4	0	5	2	2342	1	0	427	357	383
283	2018-06-01	107	5	0	6	2	2343	0	0	243	406	433
195	2018-06-02	77	6	1	6	2	2344	0	0	283	198	236
231	2018-06-03	105	0	1	6	2	2345	0	0	195	248	273
502	2018-06-04	135	1	0	6	2	2346	0	0	231	518	503
402	2018-06-05	105	2	0	6	2	2347	0	0	502	392	407
407	2018-06-06	97	3	0	6	2	2348	0	0	402	427	395
360	2018-06-07	96	4	0	6	2	2349	0	0	407	243	415
405	2018-06-08	115	5	0	6	2	2350	0	0	360	283	397
200	2018-06-09	69	6	1	6	2	2351	0	0	405	195	205
247	2018-06-10	112	0	1	6	2	2352	0	0	200	231	240
522	2018-06-11	150	1	0	6	2	2353	0	0	247	502	488
426	2018-06-12	118	2	0	6	2	2354	1	0	522	402	442
421	2018-06-13	92	3	0	6	2	2355	0	0	426	407	443
393	2018-06-14	92	4	0	6	2	2356	0	0	421	360	398
375	2018-06-15	94	5	0	6	2	2357	0	0	393	405	444
180	2018-06-16	74	6	1	6	2	2358	0	0	375	200	178
243	2018-06-17	116	0	1	6	2	2359	0	0	180	247	210
538	2018-06-18	171	1	0	6	2	2360	0	0	243	522	465
446	2018-06-19	118	2	0	6	2	2361	0	0	538	426	395
394	2018-06-20	99	3	0	6	2	2362	0	0	446	421	400
356	2018-06-21	89	4	0	6	2	2363	1	0	394	393	357
311	2018-06-22	105	5	0	6	2	2364	0	0	356	375	406
213	2018-06-23	83	6	1	6	2	2365	0	0	311	180	198
254	2018-06-24	120	0	1	6	2	2366	0	0	213	243	248
485	2018-06-25	128	1	0	6	2	2367	0	0	254	538	518
471	2018-06-26	117	2	0	6	2	2368	0	0	485	446	392
412	2018-06-27	118	3	0	6	2	2369	0	0	471	394	427
433	2018-06-28	118	4	0	6	2	2370	0	0	412	356	243
371	2018-06-29	96	5	0	6	2	2371	0	0	433	311	283
237	2018-06-30	82	6	1	6	2	2372	0	0	371	213	195
236	2018-07-01	105	0	1	7	3	2373	0	0	237	254	231
408	2018-07-02	124	1	0	7	3	2374	0	0	236	485	502
448	2018-07-03	101	2	0	7	3	2375	0	0	408	471	402
447	2018-07-04	100	3	0	7	3	2376	0	0	448	412	407
406	2018-07-05	100	4	0	7	3	2377	0	0	447	433	360
364	2018-07-06	102	5	0	7	3	2378	0	0	406	371	405
289	2018-07-07	122	6	1	7	3	2379	0	0	364	237	200
218	2018-07-08	102	0	1	7	3	2380	0	0	289	236	247
487	2018-07-09	157	1	0	7	3	2381	0	0	218	408	522
422	2018-07-10	133	2	0	7	3	2382	0	0	487	448	426
389	2018-07-11	94	3	0	7	3	2383	0	0	422	447	421
350	2018-07-12	75	4	0	7	3	2384	0	0	389	406	393
361	2018-07-13	90	5	0	7	3	2385	0	0	350	364	375
181	2018-07-14	64	6	1	7	3	2386	0	0	361	289	180
238	2018-07-15	123	0	1	7	3	2387	0	0	181	218	243
514	2018-07-16	141	1	0	7	3	2388	0	0	238	487	538
391	2018-07-17	99	2	0	7	3	2389	0	0	514	422	446
399	2018-07-18	111	3	0	7	3	2390	0	0	391	389	394
378	2018-07-19	81	4	0	7	3	2391	0	0	399	350	356
324	2018-07-20	88	5	0	7	3	2392	0	0	378	361	311
244	2018-07-21	109	6	1	7	3	2393	0	0	324	181	213
230	2018-07-22	92	0	1	7	3	2394	0	0	244	238	254
447	2018-07-23	129	1	0	7	3	2395	0	0	230	514	485
355	2018-07-24	84	2	0	7	3	2396	0	0	447	391	471
351	2018-07-25	84	3	0	7	3	2397	0	0	355	399	412
371	2018-07-26	120	4	0	7	3	2398	0	0	351	378	433
379	2018-07-27	108	5	0	7	3	2399	0	0	371	324	371
191	2018-07-28	79	6	1	7	3	2400	0	0	379	244	237
238	2018-07-29	114	0	1	7	3	2401	0	0	191	230	236
514	2018-07-30	145	1	0	7	3	2402	0	0	238	447	408
442	2018-07-31	96	2	0	7	3	2403	0	0	514	355	448
365	2018-08-01	110	3	0	8	3	2404	0	0	442	351	447
407	2018-08-02	94	4	0	8	3	2405	0	0	365	371	406
420	2018-08-03	131	5	0	8	3	2406	0	0	407	379	364
201	2018-08-04	75	6	1	8	3	2407	0	0	420	191	289
270	2018-08-05	127	0	1	8	3	2408	0	0	201	238	218
484	2018-08-06	135	1	0	8	3	2409	0	0	270	514	487
391	2018-08-07	99	2	0	8	3	2410	0	0	484	442	422
444	2018-08-08	116	3	0	8	3	2411	0	0	391	365	389
407	2018-08-09	99	4	0	8	3	2412	0	0	444	407	350
416	2018-08-10	113	5	0	8	3	2413	0	0	407	420	361
228	2018-08-11	85	6	1	8	3	2414	0	0	416	201	181
294	2018-08-12	130	0	1	8	3	2415	1	0	228	270	238
556	2018-08-13	182	1	0	8	3	2416	0	0	294	484	514
464	2018-08-14	106	2	0	8	3	2417	0	0	556	391	391
418	2018-08-15	126	3	0	8	3	2418	0	0	464	444	399
461	2018-08-16	120	4	0	8	3	2419	0	0	418	407	378
385	2018-08-17	94	5	0	8	3	2420	0	0	461	416	324
233	2018-08-18	83	6	1	8	3	2421	0	0	385	228	244
260	2018-08-19	120	0	1	8	3	2422	0	0	233	294	230
553	2018-08-20	160	1	0	8	3	2423	0	0	260	556	447
461	2018-08-21	114	2	0	8	3	2424	0	0	553	464	355
448	2018-08-22	113	3	0	8	3	2425	0	0	461	418	351
466	2018-08-23	137	4	0	8	3	2426	0	0	448	461	371
493	2018-08-24	127	5	0	8	3	2427	0	0	466	385	379
221	2018-08-25	71	6	1	8	3	2428	0	0	493	233	191
254	2018-08-26	103	0	1	8	3	2429	0	0	221	260	238
568	2018-08-27	136	1	0	8	3	2430	0	0	254	553	514
483	2018-08-28	144	2	0	8	3	2431	0	0	568	461	442
476	2018-08-29	116	3	0	8	3	2432	0	0	483	448	365
502	2018-08-30	145	4	0	8	3	2433	0	0	476	466	407
453	2018-08-31	127	5	0	8	3	2434	0	0	502	493	420
246	2018-09-01	100	6	1	9	3	2435	0	0	453	221	201
324	2018-09-02	146	0	1	9	3	2436	0	0	246	254	270
607	2018-09-03	171	1	0	9	3	2437	0	0	324	568	484
458	2018-09-04	110	2	0	9	3	2438	0	0	607	483	391
434	2018-09-05	101	3	0	9	3	2439	0	0	458	476	444
455	2018-09-06	138	4	0	9	3	2440	0	0	434	502	407
200	2018-09-07	79	5	0	9	3	2441	1	1	455	453	416
254	2018-09-08	101	6	1	9	3	2442	0	0	200	246	228
266	2018-09-09	109	0	1	9	3	2443	0	0	254	324	294
572	2018-09-10	151	1	0	9	3	2444	0	0	266	607	556
515	2018-09-11	133	2	0	9	3	2445	0	0	572	458	464
487	2018-09-12	111	3	0	9	3	2446	0	0	515	434	418
490	2018-09-13	112	4	0	9	3	2447	0	0	487	455	461
430	2018-09-14	112	5	0	9	3	2448	0	0	490	200	385
228	2018-09-15	79	6	1	9	3	2449	0	0	430	254	233
287	2018-09-16	117	0	1	9	3	2450	0	0	228	266	260
668	2018-09-17	189	1	0	9	3	2451	0	0	287	572	553
530	2018-09-18	133	2	0	9	3	2452	0	0	668	515	461
488	2018-09-19	124	3	0	9	3	2453	0	0	530	487	448
452	2018-09-20	111	4	0	9	3	2454	0	0	488	490	466
432	2018-09-21	127	5	0	9	3	2455	0	0	452	430	493
260	2018-09-22	106	6	1	9	3	2456	1	0	432	228	221
283	2018-09-23	124	0	1	9	3	2457	0	0	260	287	254
679	2018-09-24	224	1	0	9	3	2458	0	0	283	668	568
487	2018-09-25	129	2	0	9	3	2459	0	0	679	530	483
516	2018-09-26	156	3	0	9	3	2460	0	0	487	488	476
441	2018-09-27	110	4	0	9	3	2461	0	0	516	452	502
450	2018-09-28	119	5	0	9	3	2462	0	0	441	432	453
271	2018-09-29	106	6	1	9	3	2463	0	0	450	260	246
352	2018-09-30	138	0	1	9	3	2464	0	0	271	283	324
645	2018-10-01	188	1	0	10	4	2465	0	0	352	679	607
509	2018-10-02	141	2	0	10	4	2466	0	0	645	487	458
564	2018-10-03	143	3	0	10	4	2467	0	0	509	516	434
464	2018-10-04	117	4	0	10	4	2468	0	0	564	441	455
439	2018-10-05	117	5	0	10	4	2469	0	0	464	450	200
210	2018-10-06	90	6	1	10	4	2470	0	0	439	271	254
244	2018-10-07	109	0	1	10	4	2471	0	0	210	352	266
635	2018-10-08	174	1	0	10	4	2472	0	0	244	645	572
491	2018-10-09	117	2	0	10	4	2473	0	0	635	509	515
536	2018-10-10	147	3	0	10	4	2474	0	0	491	564	487
442	2018-10-11	121	4	0	10	4	2475	0	0	536	464	490
274	2018-10-12	118	5	0	10	4	2476	1	1	442	439	430
277	2018-10-13	118	6	1	10	4	2477	0	0	274	210	228
264	2018-10-14	108	0	1	10	4	2478	0	0	277	244	287
605	2018-10-15	160	1	0	10	4	2479	1	0	264	635	668
487	2018-10-16	137	2	0	10	4	2480	0	0	605	491	530
487	2018-10-17	126	3	0	10	4	2481	0	0	487	536	488
466	2018-10-18	112	4	0	10	4	2482	0	0	487	442	452
509	2018-10-19	134	5	0	10	4	2483	0	0	466	274	432
254	2018-10-20	108	6	1	10	4	2484	0	0	509	277	260
319	2018-10-21	148	0	1	10	4	2485	0	0	254	264	283
637	2018-10-22	174	1	0	10	4	2486	0	0	319	605	679
538	2018-10-23	133	2	0	10	4	2487	0	0	637	487	487
487	2018-10-24	118	3	0	10	4	2488	0	0	538	487	516
451	2018-10-25	122	4	0	10	4	2489	0	0	487	466	441
419	2018-10-26	104	5	0	10	4	2490	0	0	451	509	450
224	2018-10-27	95	6	1	10	4	2491	0	0	419	254	271
295	2018-10-28	141	0	1	10	4	2492	1	0	224	319	352
601	2018-10-29	174	1	0	10	4	2493	0	0	295	637	645
512	2018-10-30	128	2	0	10	4	2494	0	0	601	538	509
497	2018-10-31	119	3	0	10	4	2495	0	0	512	487	564
411	2018-11-01	112	4	0	11	4	2496	0	0	497	451	464
262	2018-11-02	111	5	0	11	4	2497	1	1	411	419	439
273	2018-11-03	115	6	1	11	4	2498	0	0	262	224	210
247	2018-11-04	105	0	1	11	4	2499	0	0	273	295	244
671	2018-11-05	206	1	0	11	4	2500	0	0	247	601	635
468	2018-11-06	116	2	0	11	4	2501	0	0	671	512	491
412	2018-11-07	104	3	0	11	4	2502	0	0	468	497	536
429	2018-11-08	117	4	0	11	4	2503	0	0	412	411	442
486	2018-11-09	148	5	0	11	4	2504	0	0	429	262	274
239	2018-11-10	103	6	1	11	4	2505	0	0	486	273	277
306	2018-11-11	136	0	1	11	4	2506	0	0	239	247	264
625	2018-11-12	172	1	0	11	4	2507	0	0	306	671	605
479	2018-11-13	129	2	0	11	4	2508	0	0	625	468	487
409	2018-11-14	100	3	0	11	4	2509	0	0	479	412	487
244	2018-11-15	85	4	0	11	4	2510	1	1	409	429	466
312	2018-11-16	103	5	0	11	4	2511	0	0	244	486	509
224	2018-11-17	91	6	1	11	4	2512	0	0	312	239	254
297	2018-11-18	144	0	1	11	4	2513	0	0	224	306	319
558	2018-11-19	158	1	0	11	4	2514	0	0	297	625	637
429	2018-11-20	116	2	0	11	4	2515	1	0	558	479	538
422	2018-11-21	109	3	0	11	4	2516	0	0	429	409	487
479	2018-11-22	118	4	0	11	4	2517	0	0	422	244	451
442	2018-11-23	113	5	0	11	4	2518	0	0	479	312	419
219	2018-11-24	89	6	1	11	4	2519	0	0	442	224	224
311	2018-11-25	172	0	1	11	4	2520	0	0	219	297	295
590	2018-11-26	199	1	0	11	4	2521	0	0	311	558	601
485	2018-11-27	114	2	0	11	4	2522	0	0	590	429	512
502	2018-11-28	138	3	0	11	4	2523	0	0	485	422	497
400	2018-11-29	91	4	0	11	4	2524	0	0	502	479	411
471	2018-11-30	133	5	0	11	4	2525	0	0	400	442	262
238	2018-12-01	100	6	1	12	4	2526	0	0	471	219	273
313	2018-12-02	150	0	1	12	4	2527	0	0	238	311	247
519	2018-12-03	182	1	0	12	4	2528	0	0	313	590	671
403	2018-12-04	108	2	0	12	4	2529	0	0	519	485	468
464	2018-12-05	127	3	0	12	4	2530	0	0	403	502	412
436	2018-12-06	118	4	0	12	4	2531	0	0	464	400	429
492	2018-12-07	135	5	0	12	4	2532	0	0	436	471	486
241	2018-12-08	88	6	1	12	4	2533	0	0	492	238	239
264	2018-12-09	127	0	1	12	4	2534	0	0	241	313	306
600	2018-12-10	177	1	0	12	4	2535	0	0	264	519	625
482	2018-12-11	126	2	0	12	4	2536	0	0	600	403	479
470	2018-12-12	119	3	0	12	4	2537	0	0	482	464	409
496	2018-12-13	142	4	0	12	4	2538	0	0	470	436	244
441	2018-12-14	131	5	0	12	4	2539	0	0	496	492	312
283	2018-12-15	124	6	1	12	4	2540	0	0	441	241	224
336	2018-12-16	150	0	1	12	4	2541	0	0	283	264	297
615	2018-12-17	199	1	0	12	4	2542	0	0	336	600	558
475	2018-12-18	130	2	0	12	4	2543	0	0	615	482	429
458	2018-12-19	125	3	0	12	4	2544	0	0	475	470	422
495	2018-12-20	117	4	0	12	4	2545	0	0	458	496	479
448	2018-12-21	131	5	0	12	4	2546	1	0	495	441	442
305	2018-12-22	152	6	1	12	4	2547	0	0	448	283	219
295	2018-12-23	156	0	1	12	4	2548	0	0	305	336	311
284	2018-12-24	111	1	0	12	4	2549	1	0	295	615	590
358	2018-12-25	196	2	0	12	4	2550	1	1	284	475	485
517	2018-12-26	166	3	0	12	4	2551	0	0	358	458	502
498	2018-12-27	141	4	0	12	4	2552	0	0	517	495	400
480	2018-12-28	134	5	0	12	4	2553	0	0	498	448	471
267	2018-12-29	101	6	1	12	4	2554	0	0	480	305	238
270	2018-12-30	128	0	1	12	4	2555	0	0	267	295	313
322	2018-12-31	105	1	0	12	4	2556	1	0	270	284	519
465	2019-01-01	272	2	0	1	1	2557	1	1	322	358	403
585	2019-01-02	180	3	0	1	1	2558	0	0	465	517	464
515	2019-01-03	149	4	0	1	1	2559	0	0	585	498	436
435	2019-01-04	116	5	0	1	1	2560	0	0	515	480	492
237	2019-01-05	80	6	1	1	1	2561	0	0	435	267	241
294	2019-01-06	137	0	1	1	1	2562	0	0	237	270	264
580	2019-01-07	185	1	0	1	1	2563	0	0	294	322	600
439	2019-01-08	128	2	0	1	1	2564	0	0	580	465	482
479	2019-01-09	128	3	0	1	1	2565	0	0	439	585	470
456	2019-01-10	146	4	0	1	1	2566	0	0	479	515	496
478	2019-01-11	142	5	0	1	1	2567	0	0	456	435	441
268	2019-01-12	98	6	1	1	1	2568	0	0	478	237	283
286	2019-01-13	127	0	1	1	1	2569	0	0	268	294	336
574	2019-01-14	163	1	0	1	1	2570	0	0	286	580	615
477	2019-01-15	144	2	0	1	1	2571	0	0	574	439	475
477	2019-01-16	131	3	0	1	1	2572	0	0	477	479	458
463	2019-01-17	122	4	0	1	1	2573	0	0	477	456	495
440	2019-01-18	127	5	0	1	1	2574	0	0	463	478	448
256	2019-01-19	108	6	1	1	1	2575	0	0	440	268	305
325	2019-01-20	142	0	1	1	1	2576	0	0	256	286	295
553	2019-01-21	170	1	0	1	1	2577	0	0	325	574	284
571	2019-01-22	153	2	0	1	1	2578	0	0	553	477	358
495	2019-01-23	121	3	0	1	1	2579	0	0	571	477	517
454	2019-01-24	125	4	0	1	1	2580	0	0	495	463	498
457	2019-01-25	109	5	0	1	1	2581	0	0	454	440	480
241	2019-01-26	84	6	1	1	1	2582	0	0	457	256	267
292	2019-01-27	136	0	1	1	1	2583	0	0	241	325	270
642	2019-01-28	187	1	0	1	1	2584	0	0	292	553	322
506	2019-01-29	133	2	0	1	1	2585	0	0	642	571	465
508	2019-01-30	140	3	0	1	1	2586	0	0	506	495	585
509	2019-01-31	119	4	0	1	1	2587	0	0	508	454	515
458	2019-02-01	131	5	0	2	1	2588	0	0	509	457	435
301	2019-02-02	127	6	1	2	1	2589	0	0	458	241	237
358	2019-02-03	155	0	1	2	1	2590	0	0	301	292	294
582	2019-02-04	162	1	0	2	1	2591	0	0	358	642	580
496	2019-02-05	130	2	0	2	1	2592	0	0	582	506	439
446	2019-02-06	118	3	0	2	1	2593	0	0	496	508	479
488	2019-02-07	100	4	0	2	1	2594	0	0	446	509	456
451	2019-02-08	141	5	0	2	1	2595	0	0	488	458	478
273	2019-02-09	110	6	1	2	1	2596	0	0	451	301	268
342	2019-02-10	149	0	1	2	1	2597	0	0	273	358	286
640	2019-02-11	201	1	0	2	1	2598	0	0	342	582	574
490	2019-02-12	121	2	0	2	1	2599	0	0	640	496	477
474	2019-02-13	133	3	0	2	1	2600	0	0	490	446	477
418	2019-02-14	124	4	0	2	1	2601	0	0	474	488	463
455	2019-02-15	127	5	0	2	1	2602	0	0	418	451	440
253	2019-02-16	98	6	1	2	1	2603	0	0	455	273	256
282	2019-02-17	131	0	1	2	1	2604	0	0	253	342	325
627	2019-02-18	192	1	0	2	1	2605	0	0	282	640	553
495	2019-02-19	130	2	0	2	1	2606	0	0	627	490	571
485	2019-02-20	127	3	0	2	1	2607	0	0	495	474	495
468	2019-02-21	112	4	0	2	1	2608	0	0	485	418	454
536	2019-02-22	149	5	0	2	1	2609	0	0	468	455	457
291	2019-02-23	122	6	1	2	1	2610	0	0	536	253	241
366	2019-02-24	160	0	1	2	1	2611	0	0	291	282	292
614	2019-02-25	183	1	0	2	1	2612	0	0	366	627	642
473	2019-02-26	150	2	0	2	1	2613	0	0	614	495	506
493	2019-02-27	126	3	0	2	1	2614	0	0	473	485	508
533	2019-02-28	145	4	0	2	1	2615	0	0	493	468	509
406	2019-03-01	125	5	0	3	1	2616	1	0	533	536	458
266	2019-03-02	106	6	1	3	1	2617	1	0	406	291	301
379	2019-03-03	184	0	1	3	1	2618	1	0	266	366	358
314	2019-03-04	105	1	0	3	1	2619	1	0	379	614	582
279	2019-03-05	105	2	0	3	1	2620	1	0	314	473	496
393	2019-03-06	129	3	0	3	1	2621	1	0	279	493	446
543	2019-03-07	132	4	0	3	1	2622	0	0	393	533	488
467	2019-03-08	146	5	0	3	1	2623	0	0	543	406	451
286	2019-03-09	96	6	1	3	1	2624	0	0	467	266	273
356	2019-03-10	146	0	1	3	1	2625	0	0	286	379	342
613	2019-03-11	171	1	0	3	1	2626	0	0	356	314	640
469	2019-03-12	122	2	0	3	1	2627	0	0	613	279	490
508	2019-03-13	150	3	0	3	1	2628	0	0	469	393	474
442	2019-03-14	123	4	0	3	1	2629	0	0	508	543	418
491	2019-03-15	127	5	0	3	1	2630	0	0	442	467	455
246	2019-03-16	106	6	1	3	1	2631	0	0	491	286	253
297	2019-03-17	126	0	1	3	1	2632	0	0	246	356	282
624	2019-03-18	210	1	0	3	1	2633	0	0	297	613	627
433	2019-03-19	127	2	0	3	1	2634	0	0	624	469	495
512	2019-03-20	136	3	0	3	1	2635	1	0	433	508	485
454	2019-03-21	131	4	0	3	1	2636	0	0	512	442	468
406	2019-03-22	96	5	0	3	1	2637	0	0	454	491	536
265	2019-03-23	107	6	1	3	1	2638	0	0	406	246	291
324	2019-03-24	162	0	1	3	1	2639	0	0	265	297	366
553	2019-03-25	179	1	0	3	1	2640	0	0	324	624	614
442	2019-03-26	110	2	0	3	1	2641	0	0	553	433	473
461	2019-03-27	109	3	0	3	1	2642	0	0	442	512	493
465	2019-03-28	131	4	0	3	1	2643	0	0	461	454	533
458	2019-03-29	132	5	0	3	1	2644	0	0	465	406	406
265	2019-03-30	107	6	1	3	1	2645	0	0	458	265	266
287	2019-03-31	123	0	1	3	1	2646	0	0	265	324	379
599	2019-04-01	173	1	0	4	2	2647	0	0	287	553	314
507	2019-04-02	169	2	0	4	2	2648	0	0	599	442	279
475	2019-04-03	106	3	0	4	2	2649	0	0	507	461	393
489	2019-04-04	134	4	0	4	2	2650	0	0	475	465	543
421	2019-04-05	110	5	0	4	2	2651	0	0	489	458	467
254	2019-04-06	99	6	1	4	2	2652	0	0	421	265	286
309	2019-04-07	136	0	1	4	2	2653	0	0	254	287	356
632	2019-04-08	165	1	0	4	2	2654	0	0	309	599	613
408	2019-04-09	119	2	0	4	2	2655	0	0	632	507	469
455	2019-04-10	118	3	0	4	2	2656	0	0	408	475	508
443	2019-04-11	109	4	0	4	2	2657	0	0	455	489	442
476	2019-04-12	142	5	0	4	2	2658	0	0	443	421	491
274	2019-04-13	113	6	1	4	2	2659	0	0	476	254	246
298	2019-04-14	135	0	1	4	2	2660	0	0	274	309	297
607	2019-04-15	190	1	0	4	2	2661	0	0	298	632	624
500	2019-04-16	137	2	0	4	2	2662	0	0	607	408	433
505	2019-04-17	124	3	0	4	2	2663	0	0	500	455	512
327	2019-04-18	82	4	0	4	2	2664	0	0	505	443	454
248	2019-04-19	99	5	0	4	2	2665	1	1	327	476	406
215	2019-04-20	90	6	1	4	2	2666	0	0	248	274	265
296	2019-04-21	133	0	1	4	2	2667	1	1	215	298	324
609	2019-04-22	193	1	0	4	2	2668	0	0	296	607	553
454	2019-04-23	122	2	0	4	2	2669	0	0	609	500	442
518	2019-04-24	140	3	0	4	2	2670	0	0	454	505	461
473	2019-04-25	98	4	0	4	2	2671	0	0	518	327	465
444	2019-04-26	119	5	0	4	2	2672	0	0	473	248	458
221	2019-04-27	88	6	1	4	2	2673	0	0	444	215	265
247	2019-04-28	102	0	1	4	2	2674	0	0	221	296	287
561	2019-04-29	151	1	0	4	2	2675	0	0	247	609	599
521	2019-04-30	126	2	0	4	2	2676	0	0	561	454	507
219	2019-05-01	98	3	0	5	2	2677	1	1	521	518	475
545	2019-05-02	162	4	0	5	2	2678	0	0	219	473	489
453	2019-05-03	130	5	0	5	2	2679	0	0	545	444	421
231	2019-05-04	89	6	1	5	2	2680	0	0	453	221	254
276	2019-05-05	119	0	1	5	2	2681	0	0	231	247	309
602	2019-05-06	172	1	0	5	2	2682	0	0	276	561	632
418	2019-05-07	105	2	0	5	2	2683	0	0	602	521	408
434	2019-05-08	90	3	0	5	2	2684	0	0	418	219	455
453	2019-05-09	139	4	0	5	2	2685	0	0	434	545	443
418	2019-05-10	104	5	0	5	2	2686	0	0	453	453	476
227	2019-05-11	104	6	1	5	2	2687	0	0	418	231	274
274	2019-05-12	143	0	1	5	2	2688	1	0	227	276	298
522	2019-05-13	147	1	0	5	2	2689	0	0	274	602	607
447	2019-05-14	120	2	0	5	2	2690	0	0	522	418	500
483	2019-05-15	126	3	0	5	2	2691	0	0	447	434	505
433	2019-05-16	104	4	0	5	2	2692	0	0	483	453	327
382	2019-05-17	80	5	0	5	2	2693	0	0	433	418	248
199	2019-05-18	79	6	1	5	2	2694	0	0	382	227	215
208	2019-05-19	91	0	1	5	2	2695	0	0	199	274	296
565	2019-05-20	157	1	0	5	2	2696	0	0	208	522	609
478	2019-05-21	122	2	0	5	2	2697	0	0	565	447	454
427	2019-05-22	91	3	0	5	2	2698	0	0	478	483	518
439	2019-05-23	96	4	0	5	2	2699	0	0	427	433	473
452	2019-05-24	101	5	0	5	2	2700	0	0	439	382	444
227	2019-05-25	92	6	1	5	2	2701	0	0	452	199	221
261	2019-05-26	101	0	1	5	2	2702	0	0	227	208	247
527	2019-05-27	162	1	0	5	2	2703	0	0	261	565	561
505	2019-05-28	132	2	0	5	2	2704	0	0	527	478	521
472	2019-05-29	130	3	0	5	2	2705	0	0	505	427	219
497	2019-05-30	123	4	0	5	2	2706	0	0	472	439	545
444	2019-05-31	108	5	0	5	2	2707	0	0	497	452	453
236	2019-06-01	80	6	1	6	2	2708	0	0	444	227	231
256	2019-06-02	104	0	1	6	2	2709	0	0	236	261	276
561	2019-06-03	150	1	0	6	2	2710	0	0	256	527	602
405	2019-06-04	100	2	0	6	2	2711	0	0	561	505	418
432	2019-06-05	122	3	0	6	2	2712	0	0	405	472	434
412	2019-06-06	104	4	0	6	2	2713	0	0	432	497	453
400	2019-06-07	99	5	0	6	2	2714	0	0	412	444	418
214	2019-06-08	101	6	1	6	2	2715	0	0	400	236	227
239	2019-06-09	106	0	1	6	2	2716	0	0	214	256	274
551	2019-06-10	159	1	0	6	2	2717	0	0	239	561	522
504	2019-06-11	130	2	0	6	2	2718	0	0	551	405	447
455	2019-06-12	120	3	0	6	2	2719	1	0	504	432	483
432	2019-06-13	114	4	0	6	2	2720	0	0	455	412	433
407	2019-06-14	83	5	0	6	2	2721	0	0	432	400	382
265	2019-06-15	94	6	1	6	2	2722	0	0	407	214	199
241	2019-06-16	94	0	1	6	2	2723	0	0	265	239	208
542	2019-06-17	162	1	0	6	2	2724	0	0	241	551	565
454	2019-06-18	125	2	0	6	2	2725	0	0	542	504	478
427	2019-06-19	105	3	0	6	2	2726	0	0	454	455	427
222	2019-06-20	63	4	0	6	2	2727	1	0	427	432	439
239	2019-06-21	56	5	0	6	2	2728	1	0	222	407	452
204	2019-06-22	64	6	1	6	2	2729	0	0	239	265	227
251	2019-06-23	93	0	1	6	2	2730	0	0	204	241	261
585	2019-06-24	185	1	0	6	2	2731	0	0	251	542	527
503	2019-06-25	142	2	0	6	2	2732	0	0	585	454	505
440	2019-06-26	114	3	0	6	2	2733	0	0	503	427	472
401	2019-06-27	103	4	0	6	2	2734	0	0	440	222	497
454	2019-06-28	98	5	0	6	2	2735	0	0	401	239	444
230	2019-06-29	96	6	1	6	2	2736	0	0	454	204	236
278	2019-06-30	121	0	1	6	2	2737	0	0	230	251	256
557	2019-07-01	145	1	0	7	3	2738	0	0	278	585	561
479	2019-07-02	123	2	0	7	3	2739	0	0	557	503	405
475	2019-07-03	129	3	0	7	3	2740	0	0	479	440	432
392	2019-07-04	111	4	0	7	3	2741	0	0	475	401	412
439	2019-07-05	116	5	0	7	3	2742	0	0	392	454	400
179	2019-07-06	67	6	1	7	3	2743	0	0	439	230	214
241	2019-07-07	92	0	1	7	3	2744	0	0	179	278	239
473	2019-07-08	132	1	0	7	3	2745	0	0	241	557	551
372	2019-07-09	102	2	0	7	3	2746	0	0	473	479	504
433	2019-07-10	127	3	0	7	3	2747	0	0	372	475	455
452	2019-07-11	86	4	0	7	3	2748	0	0	433	392	432
364	2019-07-12	102	5	0	7	3	2749	0	0	452	439	407
236	2019-07-13	91	6	1	7	3	2750	0	0	364	179	265
250	2019-07-14	110	0	1	7	3	2751	0	0	236	241	241
551	2019-07-15	155	1	0	7	3	2752	0	0	250	473	542
452	2019-07-16	99	2	0	7	3	2753	0	0	551	372	454
393	2019-07-17	106	3	0	7	3	2754	0	0	452	433	427
423	2019-07-18	106	4	0	7	3	2755	0	0	393	452	222
382	2019-07-19	100	5	0	7	3	2756	0	0	423	364	239
220	2019-07-20	92	6	1	7	3	2757	0	0	382	236	204
266	2019-07-21	125	0	1	7	3	2758	0	0	220	250	251
529	2019-07-22	163	1	0	7	3	2759	0	0	266	551	585
432	2019-07-23	110	2	0	7	3	2760	0	0	529	452	503
380	2019-07-24	91	3	0	7	3	2761	0	0	432	393	440
393	2019-07-25	101	4	0	7	3	2762	0	0	380	423	401
360	2019-07-26	91	5	0	7	3	2763	0	0	393	382	454
272	2019-07-27	103	6	1	7	3	2764	0	0	360	220	230
297	2019-07-28	123	0	1	7	3	2765	0	0	272	266	278
567	2019-07-29	168	1	0	7	3	2766	0	0	297	529	557
432	2019-07-30	98	2	0	7	3	2767	0	0	567	432	479
478	2019-07-31	108	3	0	7	3	2768	0	0	432	380	475
477	2019-08-01	119	4	0	8	3	2769	0	0	478	393	392
398	2019-08-02	99	5	0	8	3	2770	0	0	477	360	439
226	2019-08-03	78	6	1	8	3	2771	0	0	398	272	179
180	2019-08-04	83	0	1	8	3	2772	0	0	226	297	241
597	2019-08-05	165	1	0	8	3	2773	0	0	180	567	473
466	2019-08-06	118	2	0	8	3	2774	0	0	597	432	372
445	2019-08-07	105	3	0	8	3	2775	0	0	466	478	433
471	2019-08-08	140	4	0	8	3	2776	0	0	445	477	452
436	2019-08-09	139	5	0	8	3	2777	0	0	471	398	364
246	2019-08-10	97	6	1	8	3	2778	0	0	436	226	236
325	2019-08-11	158	0	1	8	3	2779	1	0	246	180	250
668	2019-08-12	211	1	0	8	3	2780	0	0	325	597	551
504	2019-08-13	115	2	0	8	3	2781	0	0	668	466	452
395	2019-08-14	88	3	0	8	3	2782	0	0	504	445	393
425	2019-08-15	118	4	0	8	3	2783	0	0	395	471	423
408	2019-08-16	95	5	0	8	3	2784	0	0	425	436	382
203	2019-08-17	83	6	1	8	3	2785	0	0	408	246	220
288	2019-08-18	114	0	1	8	3	2786	0	0	203	325	266
606	2019-08-19	168	1	0	8	3	2787	0	0	288	668	529
495	2019-08-20	105	2	0	8	3	2788	0	0	606	504	432
431	2019-08-21	101	3	0	8	3	2789	0	0	495	395	380
437	2019-08-22	119	4	0	8	3	2790	0	0	431	425	393
433	2019-08-23	104	5	0	8	3	2791	0	0	437	408	360
255	2019-08-24	93	6	1	8	3	2792	0	0	433	203	272
304	2019-08-25	146	0	1	8	3	2793	0	0	255	288	297
555	2019-08-26	164	1	0	8	3	2794	0	0	304	606	567
440	2019-08-27	94	2	0	8	3	2795	0	0	555	495	432
510	2019-08-28	111	3	0	8	3	2796	0	0	440	431	478
408	2019-08-29	90	4	0	8	3	2797	0	0	510	437	477
466	2019-08-30	113	5	0	8	3	2798	0	0	408	433	398
284	2019-08-31	112	6	1	8	3	2799	0	0	466	255	226
275	2019-09-01	111	0	1	9	3	2800	0	0	284	304	180
563	2019-09-02	148	1	0	9	3	2801	0	0	275	555	597
533	2019-09-03	145	2	0	9	3	2802	0	0	563	440	466
454	2019-09-04	110	3	0	9	3	2803	0	0	533	510	445
431	2019-09-05	138	4	0	9	3	2804	0	0	454	408	471
490	2019-09-06	130	5	0	9	3	2805	0	0	431	466	436
288	2019-09-07	136	6	1	9	3	2806	1	1	490	284	246
249	2019-09-08	131	0	1	9	3	2807	0	0	288	275	325
668	2019-09-09	197	1	0	9	3	2808	0	0	249	563	668
523	2019-09-10	130	2	0	9	3	2809	0	0	668	533	504
460	2019-09-11	116	3	0	9	3	2810	0	0	523	454	395
461	2019-09-12	106	4	0	9	3	2811	0	0	460	431	425
437	2019-09-13	109	5	0	9	3	2812	0	0	461	490	408
265	2019-09-14	113	6	1	9	3	2813	0	0	437	288	203
310	2019-09-15	122	0	1	9	3	2814	0	0	265	249	288
692	2019-09-16	191	1	0	9	3	2815	0	0	310	668	606
522	2019-09-17	135	2	0	9	3	2816	0	0	692	523	495
506	2019-09-18	127	3	0	9	3	2817	0	0	522	460	431
515	2019-09-19	129	4	0	9	3	2818	0	0	506	461	437
430	2019-09-20	113	5	0	9	3	2819	0	0	515	437	433
292	2019-09-21	112	6	1	9	3	2820	0	0	430	265	255
269	2019-09-22	119	0	1	9	3	2821	0	0	292	310	304
598	2019-09-23	180	1	0	9	3	2822	1	0	269	692	555
479	2019-09-24	109	2	0	9	3	2823	0	0	598	522	440
468	2019-09-25	125	3	0	9	3	2824	0	0	479	506	510
427	2019-09-26	110	4	0	9	3	2825	0	0	468	515	408
440	2019-09-27	120	5	0	9	3	2826	0	0	427	430	466
236	2019-09-28	91	6	1	9	3	2827	0	0	440	292	284
305	2019-09-29	137	0	1	9	3	2828	0	0	236	269	275
637	2019-09-30	172	1	0	9	3	2829	0	0	305	598	563
504	2019-10-01	141	2	0	10	4	2830	0	0	637	479	533
481	2019-10-02	121	3	0	10	4	2831	0	0	504	468	454
466	2019-10-03	134	4	0	10	4	2832	0	0	481	427	431
439	2019-10-04	134	5	0	10	4	2833	0	0	466	440	490
275	2019-10-05	116	6	1	10	4	2834	0	0	439	236	288
307	2019-10-06	147	0	1	10	4	2835	0	0	275	305	249
639	2019-10-07	180	1	0	10	4	2836	0	0	307	637	668
526	2019-10-08	135	2	0	10	4	2837	0	0	639	504	523
498	2019-10-09	136	3	0	10	4	2838	0	0	526	481	460
542	2019-10-10	141	4	0	10	4	2839	0	0	498	466	461
447	2019-10-11	122	5	0	10	4	2840	0	0	542	439	437
330	2019-10-12	138	6	1	10	4	2841	1	1	447	275	265
353	2019-10-13	169	0	1	10	4	2842	0	0	330	307	310
690	2019-10-14	188	1	0	10	4	2843	0	0	353	639	692
531	2019-10-15	130	2	0	10	4	2844	1	0	690	526	522
533	2019-10-16	124	3	0	10	4	2845	0	0	531	498	506
431	2019-10-17	110	4	0	10	4	2846	0	0	533	542	515
500	2019-10-18	125	5	0	10	4	2847	0	0	431	447	430
309	2019-10-19	111	6	1	10	4	2848	0	0	500	330	292
315	2019-10-20	134	0	1	10	4	2849	0	0	309	353	269
643	2019-10-21	177	1	0	10	4	2850	0	0	315	690	598
513	2019-10-22	129	2	0	10	4	2851	0	0	643	531	479
485	2019-10-23	133	3	0	10	4	2852	0	0	513	533	468
473	2019-10-24	121	4	0	10	4	2853	0	0	485	431	427
435	2019-10-25	92	5	0	10	4	2854	0	0	473	500	440
245	2019-10-26	106	6	1	10	4	2855	0	0	435	309	236
302	2019-10-27	133	0	1	10	4	2856	0	0	245	315	305
383	2019-10-28	108	1	0	10	4	2857	1	0	302	643	637
538	2019-10-29	130	2	0	10	4	2858	0	0	383	513	504
504	2019-10-30	117	3	0	10	4	2859	0	0	538	485	481
439	2019-10-31	93	4	0	10	4	2860	0	0	504	473	466
491	2019-11-01	148	5	0	11	4	2861	0	0	439	435	439
277	2019-11-02	131	6	1	11	4	2862	1	1	491	245	275
306	2019-11-03	142	0	1	11	4	2863	0	0	277	302	307
649	2019-11-04	179	1	0	11	4	2864	0	0	306	383	639
483	2019-11-05	113	2	0	11	4	2865	0	0	649	538	526
472	2019-11-06	102	3	0	11	4	2866	0	0	483	504	498
445	2019-11-07	107	4	0	11	4	2867	0	0	472	439	542
451	2019-11-08	116	5	0	11	4	2868	0	0	445	491	447
267	2019-11-09	105	6	1	11	4	2869	0	0	451	277	330
310	2019-11-10	152	0	1	11	4	2870	0	0	267	306	353
607	2019-11-11	174	1	0	11	4	2871	0	0	310	649	690
461	2019-11-12	126	2	0	11	4	2872	0	0	607	483	531
395	2019-11-13	95	3	0	11	4	2873	0	0	461	472	533
402	2019-11-14	113	4	0	11	4	2874	0	0	395	445	431
232	2019-11-15	102	5	0	11	4	2875	1	1	402	451	500
202	2019-11-16	87	6	1	11	4	2876	0	0	232	267	309
242	2019-11-17	109	0	1	11	4	2877	0	0	202	310	315
552	2019-11-18	179	1	0	11	4	2878	0	0	242	607	643
492	2019-11-19	121	2	0	11	4	2879	0	0	552	461	513
361	2019-11-20	96	3	0	11	4	2880	1	0	492	395	485
389	2019-11-21	101	4	0	11	4	2881	0	0	361	402	473
391	2019-11-22	100	5	0	11	4	2882	0	0	389	232	435
271	2019-11-23	122	6	1	11	4	2883	0	0	391	202	245
223	2019-11-24	106	0	1	11	4	2884	0	0	271	242	302
498	2019-11-25	153	1	0	11	4	2885	0	0	223	552	383
468	2019-11-26	120	2	0	11	4	2886	0	0	498	492	538
399	2019-11-27	109	3	0	11	4	2887	0	0	468	361	504
409	2019-11-28	88	4	0	11	4	2888	0	0	399	389	439
382	2019-11-29	84	5	0	11	4	2889	0	0	409	391	491
250	2019-11-30	78	6	1	11	4	2890	0	0	382	271	277
226	2019-12-01	96	0	1	12	4	2891	0	0	250	223	306
550	2019-12-02	154	1	0	12	4	2892	0	0	226	498	649
415	2019-12-03	106	2	0	12	4	2893	0	0	550	468	483
416	2019-12-04	109	3	0	12	4	2894	0	0	415	399	472
432	2019-12-05	101	4	0	12	4	2895	0	0	416	409	445
382	2019-12-06	93	5	0	12	4	2896	0	0	432	382	451
215	2019-12-07	92	6	1	12	4	2897	0	0	382	250	267
259	2019-12-08	128	0	1	12	4	2898	0	0	215	226	310
533	2019-12-09	169	1	0	12	4	2899	0	0	259	550	607
414	2019-12-10	120	2	0	12	4	2900	0	0	533	415	461
432	2019-12-11	110	3	0	12	4	2901	0	0	414	416	395
446	2019-12-12	122	4	0	12	4	2902	0	0	432	432	402
382	2019-12-13	107	5	0	12	4	2903	0	0	446	382	232
229	2019-12-14	98	6	1	12	4	2904	0	0	382	215	202
304	2019-12-15	143	0	1	12	4	2905	0	0	229	259	242
538	2019-12-16	160	1	0	12	4	2906	0	0	304	533	552
412	2019-12-17	106	2	0	12	4	2907	0	0	538	414	492
497	2019-12-18	101	3	0	12	4	2908	0	0	412	432	361
393	2019-12-19	124	4	0	12	4	2909	0	0	497	446	389
454	2019-12-20	128	5	0	12	4	2910	0	0	393	382	391
257	2019-12-21	102	6	1	12	4	2911	0	0	454	229	271
326	2019-12-22	148	0	1	12	4	2912	1	0	257	304	223
475	2019-12-23	129	1	0	12	4	2913	0	0	326	538	498
229	2019-12-24	80	2	0	12	4	2914	1	0	475	412	468
420	2019-12-25	228	3	0	12	4	2915	1	1	229	497	399
521	2019-12-26	174	4	0	12	4	2916	0	0	420	393	409
466	2019-12-27	141	5	0	12	4	2917	0	0	521	454	382
414	2019-12-28	113	6	1	12	4	2918	0	0	466	257	250
279	2019-12-29	137	0	1	12	4	2919	0	0	414	326	226
409	2019-12-30	120	1	0	12	4	2920	0	0	279	475	550
249	2019-12-31	80	2	0	12	4	2921	1	0	409	229	415
482	2020-01-01	281	3	0	1	1	2922	1	1	249	420	416
517	2020-01-02	166	4	0	1	1	2923	0	0	482	521	432
401	2020-01-03	109	5	0	1	1	2924	0	0	517	466	382
252	2020-01-04	92	6	1	1	1	2925	0	0	401	414	215
242	2020-01-05	105	0	1	1	1	2926	0	0	252	279	259
577	2020-01-06	178	1	0	1	1	2927	0	0	242	409	533
501	2020-01-07	124	2	0	1	1	2928	0	0	577	249	414
452	2020-01-08	114	3	0	1	1	2929	0	0	501	482	432
463	2020-01-09	123	4	0	1	1	2930	0	0	452	517	446
417	2020-01-10	122	5	0	1	1	2931	0	0	463	401	382
309	2020-01-11	122	6	1	1	1	2932	0	0	417	252	229
340	2020-01-12	149	0	1	1	1	2933	0	0	309	242	304
627	2020-01-13	178	1	0	1	1	2934	0	0	340	577	538
552	2020-01-14	129	2	0	1	1	2935	0	0	627	501	412
503	2020-01-15	117	3	0	1	1	2936	0	0	552	452	497
445	2020-01-16	120	4	0	1	1	2937	0	0	503	463	393
484	2020-01-17	134	5	0	1	1	2938	0	0	445	417	454
237	2020-01-18	80	6	1	1	1	2939	0	0	484	309	257
312	2020-01-19	140	0	1	1	1	2940	0	0	237	340	326
582	2020-01-20	184	1	0	1	1	2941	0	0	312	627	475
528	2020-01-21	133	2	0	1	1	2942	0	0	582	552	229
477	2020-01-22	130	3	0	1	1	2943	0	0	528	503	420
448	2020-01-23	124	4	0	1	1	2944	0	0	477	445	521
461	2020-01-24	148	5	0	1	1	2945	0	0	448	484	466
264	2020-01-25	103	6	1	1	1	2946	0	0	461	237	414
326	2020-01-26	146	0	1	1	1	2947	0	0	264	312	279
664	2020-01-27	208	1	0	1	1	2948	0	0	326	582	409
491	2020-01-28	119	2	0	1	1	2949	0	0	664	528	249
481	2020-01-29	136	3	0	1	1	2950	0	0	491	477	482
481	2020-01-30	119	4	0	1	1	2951	0	0	481	448	517
496	2020-01-31	140	5	0	1	1	2952	0	0	481	461	401
288	2020-02-01	141	6	1	2	1	2953	0	0	496	264	252
359	2020-02-02	164	0	1	2	1	2954	0	0	288	326	242
571	2020-02-03	188	1	0	2	1	2955	0	0	359	664	577
534	2020-02-04	131	2	0	2	1	2956	0	0	571	491	501
492	2020-02-05	129	3	0	2	1	2957	0	0	534	481	452
527	2020-02-06	132	4	0	2	1	2958	0	0	492	481	463
493	2020-02-07	130	5	0	2	1	2959	0	0	527	496	417
312	2020-02-08	131	6	1	2	1	2960	0	0	493	288	309
344	2020-02-09	169	0	1	2	1	2961	0	0	312	359	340
681	2020-02-10	200	1	0	2	1	2962	0	0	344	571	627
464	2020-02-11	119	2	0	2	1	2963	0	0	681	534	552
456	2020-02-12	138	3	0	2	1	2964	0	0	464	492	503
546	2020-02-13	159	4	0	2	1	2965	0	0	456	527	445
429	2020-02-14	129	5	0	2	1	2966	0	0	546	493	484
310	2020-02-15	122	6	1	2	1	2967	0	0	429	312	237
325	2020-02-16	153	0	1	2	1	2968	0	0	310	344	312
563	2020-02-17	158	1	0	2	1	2969	0	0	325	681	582
540	2020-02-18	147	2	0	2	1	2970	0	0	563	464	528
526	2020-02-19	126	3	0	2	1	2971	0	0	540	456	477
552	2020-02-20	165	4	0	2	1	2972	0	0	526	546	448
478	2020-02-21	149	5	0	2	1	2973	1	0	552	429	461
298	2020-02-22	126	6	1	2	1	2974	1	0	478	310	264
342	2020-02-23	163	0	1	2	1	2975	1	0	298	325	326
351	2020-02-24	132	1	0	2	1	2976	1	0	342	563	664
290	2020-02-25	120	2	0	2	1	2977	1	0	351	540	491
414	2020-02-26	141	3	0	2	1	2978	1	0	290	526	481
523	2020-02-27	158	4	0	2	1	2979	0	0	414	552	481
485	2020-02-28	132	5	0	2	1	2980	0	0	523	478	496
322	2020-02-29	107	6	1	2	1	2981	0	0	485	298	288
274	2020-03-01	118	0	1	3	1	2982	0	0	322	342	359
650	2020-03-02	209	1	0	3	1	2983	0	0	274	351	571
492	2020-03-03	137	2	0	3	1	2984	0	0	650	290	534
435	2020-03-04	134	3	0	3	1	2985	0	0	492	414	492
474	2020-03-05	130	4	0	3	1	2986	0	0	435	523	527
443	2020-03-06	144	5	0	3	1	2987	0	0	474	485	493
300	2020-03-07	120	6	1	3	1	2988	0	0	443	322	312
315	2020-03-08	157	0	1	3	1	2989	0	0	300	274	344
696	2020-03-09	200	1	0	3	1	2990	0	0	315	650	681
534	2020-03-10	140	2	0	3	1	2991	0	0	696	492	464
524	2020-03-11	161	3	0	3	1	2992	0	0	534	435	456
467	2020-03-12	117	4	0	3	1	2993	0	0	524	474	546
460	2020-03-13	127	5	0	3	1	2994	0	0	467	443	429
268	2020-03-14	111	6	1	3	1	2995	0	0	460	300	310
337	2020-03-15	161	0	1	3	1	2996	0	0	268	315	325
599	2020-03-16	183	1	0	3	1	2997	0	0	337	696	563
500	2020-03-17	139	2	0	3	1	2998	0	0	599	534	540
428	2020-03-18	111	3	0	3	1	2999	0	0	500	524	526
350	2020-03-19	89	4	0	3	1	3000	0	0	428	467	552
347	2020-03-20	90	5	0	3	1	3001	1	0	350	460	478
173	2020-03-21	81	6	1	3	1	3002	0	0	347	268	298
182	2020-03-22	76	0	1	3	1	3003	0	0	173	337	342
301	2020-03-23	83	1	0	3	1	3004	0	0	182	599	351
230	2020-03-24	78	2	0	3	1	3005	0	0	301	500	290
268	2020-03-25	66	3	0	3	1	3006	0	0	230	428	414
239	2020-03-26	56	4	0	3	1	3007	0	0	268	350	523
275	2020-03-27	99	5	0	3	1	3008	0	0	239	347	485
235	2020-03-28	93	6	1	3	1	3009	0	0	275	173	322
205	2020-03-29	76	0	1	3	1	3010	0	0	235	182	274
382	2020-03-30	135	1	0	3	1	3011	0	0	205	301	650
327	2020-03-31	87	2	0	3	1	3012	0	0	382	230	492
259	2020-04-01	79	3	0	4	2	3013	0	0	327	268	435
265	2020-04-02	85	4	0	4	2	3014	0	0	259	239	474
287	2020-04-03	79	5	0	4	2	3015	0	0	265	275	443
211	2020-04-04	89	6	1	4	2	3016	0	0	287	235	300
273	2020-04-05	143	0	1	4	2	3017	0	0	211	205	315
371	2020-04-06	121	1	0	4	2	3018	0	0	273	382	696
285	2020-04-07	83	2	0	4	2	3019	0	0	371	327	534
259	2020-04-08	67	3	0	4	2	3020	0	0	285	259	524
244	2020-04-09	86	4	0	4	2	3021	0	0	259	265	467
233	2020-04-10	89	5	0	4	2	3022	1	1	244	287	460
195	2020-04-11	80	6	1	4	2	3023	0	0	233	211	268
218	2020-04-12	104	0	1	4	2	3024	1	0	195	273	337
369	2020-04-13	119	1	0	4	2	3025	0	0	218	371	599
291	2020-04-14	67	2	0	4	2	3026	0	0	369	285	500
307	2020-04-15	84	3	0	4	2	3027	0	0	291	259	428
301	2020-04-16	83	4	0	4	2	3028	0	0	307	244	350
288	2020-04-17	72	5	0	4	2	3029	0	0	301	233	347
190	2020-04-18	92	6	1	4	2	3030	0	0	288	195	173
206	2020-04-19	97	0	1	4	2	3031	0	0	190	218	182
299	2020-04-20	92	1	0	4	2	3032	0	0	206	369	301
171	2020-04-21	72	2	0	4	2	3033	1	1	299	291	230
387	2020-04-22	106	3	0	4	2	3034	0	0	171	307	268
283	2020-04-23	107	4	0	4	2	3035	0	0	387	301	239
312	2020-04-24	99	5	0	4	2	3036	0	0	283	288	275
222	2020-04-25	95	6	1	4	2	3037	0	0	312	190	235
229	2020-04-26	116	0	1	4	2	3038	0	0	222	206	205
375	2020-04-27	127	1	0	4	2	3039	0	0	229	299	382
308	2020-04-28	84	2	0	4	2	3040	0	0	375	171	327
280	2020-04-29	87	3	0	4	2	3041	0	0	308	387	259
299	2020-04-30	89	4	0	4	2	3042	0	0	280	283	265
180	2020-05-01	70	5	0	5	2	3043	1	1	299	312	287
204	2020-05-02	94	6	1	5	2	3044	0	0	180	222	211
199	2020-05-03	93	0	1	5	2	3045	0	0	204	229	273
335	2020-05-04	107	1	0	5	2	3046	0	0	199	375	371
301	2020-05-05	59	2	0	5	2	3047	0	0	335	308	285
324	2020-05-06	83	3	0	5	2	3048	0	0	301	280	259
290	2020-05-07	79	4	0	5	2	3049	0	0	324	299	244
275	2020-05-08	85	5	0	5	2	3050	0	0	290	180	233
185	2020-05-09	79	6	1	5	2	3051	0	0	275	204	195
238	2020-05-10	118	0	1	5	2	3052	1	0	185	199	218
317	2020-05-11	94	1	0	5	2	3053	0	0	238	335	369
294	2020-05-12	81	2	0	5	2	3054	0	0	317	301	291
261	2020-05-13	71	3	0	5	2	3055	0	0	294	324	307
262	2020-05-14	68	4	0	5	2	3056	0	0	261	290	301
250	2020-05-15	79	5	0	5	2	3057	0	0	262	275	288
171	2020-05-16	84	6	1	5	2	3058	0	0	250	185	190
232	2020-05-17	109	0	1	5	2	3059	0	0	171	238	206
415	2020-05-18	131	1	0	5	2	3060	0	0	232	317	299
311	2020-05-19	86	2	0	5	2	3061	0	0	415	294	171
319	2020-05-20	92	3	0	5	2	3062	0	0	311	261	387
279	2020-05-21	85	4	0	5	2	3063	0	0	319	262	283
278	2020-05-22	99	5	0	5	2	3064	0	0	279	250	312
172	2020-05-23	82	6	1	5	2	3065	0	0	278	171	222
198	2020-05-24	104	0	1	5	2	3066	0	0	172	232	229
332	2020-05-25	88	1	0	5	2	3067	0	0	198	415	375
302	2020-05-26	63	2	0	5	2	3068	0	0	332	311	308
308	2020-05-27	74	3	0	5	2	3069	0	0	302	319	280
332	2020-05-28	84	4	0	5	2	3070	0	0	308	279	299
281	2020-05-29	77	5	0	5	2	3071	0	0	332	278	180
187	2020-05-30	70	6	1	5	2	3072	0	0	281	172	204
234	2020-05-31	126	0	1	5	2	3073	0	0	187	198	199
383	2020-06-01	118	1	0	6	2	3074	0	0	234	332	335
318	2020-06-02	71	2	0	6	2	3075	0	0	383	302	301
298	2020-06-03	90	3	0	6	2	3076	0	0	318	308	324
326	2020-06-04	93	4	0	6	2	3077	0	0	298	332	290
327	2020-06-05	93	5	0	6	2	3078	0	0	326	281	275
204	2020-06-06	95	6	1	6	2	3079	0	0	327	187	185
224	2020-06-07	126	0	1	6	2	3080	0	0	204	234	238
441	2020-06-08	130	1	0	6	2	3081	0	0	224	383	317
363	2020-06-09	105	2	0	6	2	3082	0	0	441	318	294
337	2020-06-10	98	3	0	6	2	3083	0	0	363	298	261
248	2020-06-11	90	4	0	6	2	3084	1	0	337	326	262
255	2020-06-12	98	5	0	6	2	3085	1	0	248	327	250
225	2020-06-13	88	6	1	6	2	3086	0	0	255	204	171
193	2020-06-14	93	0	1	6	2	3087	0	0	225	224	232
382	2020-06-15	130	1	0	6	2	3088	0	0	193	441	415
369	2020-06-16	88	2	0	6	2	3089	0	0	382	363	311
343	2020-06-17	101	3	0	6	2	3090	0	0	369	337	319
296	2020-06-18	75	4	0	6	2	3091	0	0	343	248	279
309	2020-06-19	87	5	0	6	2	3092	0	0	296	255	278
230	2020-06-20	89	6	1	6	2	3093	1	0	309	225	172
231	2020-06-21	123	0	1	6	2	3094	0	0	230	193	198
423	2020-06-22	136	1	0	6	2	3095	0	0	231	382	332
430	2020-06-23	100	2	0	6	2	3096	0	0	423	369	302
376	2020-06-24	106	3	0	6	2	3097	0	0	430	343	308
367	2020-06-25	106	4	0	6	2	3098	0	0	376	296	332
330	2020-06-26	93	5	0	6	2	3099	0	0	367	309	281
175	2020-06-27	73	6	1	6	2	3100	0	0	330	230	187
216	2020-06-28	112	0	1	6	2	3101	0	0	175	231	234
342	2020-06-29	107	1	0	6	2	3102	0	0	216	423	383
347	2020-06-30	87	2	0	6	2	3103	0	0	342	430	318
342	2020-07-01	84	3	0	7	3	3104	0	0	347	376	298
344	2020-07-02	91	4	0	7	3	3105	0	0	342	367	326
334	2020-07-03	89	5	0	7	3	3106	0	0	344	330	327
185	2020-07-04	75	6	1	7	3	3107	0	0	334	175	204
256	2020-07-05	122	0	1	7	3	3108	0	0	185	216	224
526	2020-07-06	158	1	0	7	3	3109	0	0	256	342	441
374	2020-07-07	89	2	0	7	3	3110	0	0	526	347	363
394	2020-07-08	137	3	0	7	3	3111	0	0	374	342	337
331	2020-07-09	89	4	0	7	3	3112	0	0	394	344	248
335	2020-07-10	87	5	0	7	3	3113	0	0	331	334	255
235	2020-07-11	89	6	1	7	3	3114	0	0	335	185	225
268	2020-07-12	135	0	1	7	3	3115	0	0	235	256	193
434	2020-07-13	134	1	0	7	3	3116	0	0	268	526	382
320	2020-07-14	82	2	0	7	3	3117	0	0	434	374	369
375	2020-07-15	132	3	0	7	3	3118	0	0	320	394	343
311	2020-07-16	90	4	0	7	3	3119	0	0	375	331	296
354	2020-07-17	91	5	0	7	3	3120	0	0	311	335	309
192	2020-07-18	87	6	1	7	3	3121	0	0	354	235	230
225	2020-07-19	109	0	1	7	3	3122	0	0	192	268	231
467	2020-07-20	150	1	0	7	3	3123	0	0	225	434	423
339	2020-07-21	105	2	0	7	3	3124	0	0	467	320	430
360	2020-07-22	99	3	0	7	3	3125	0	0	339	375	376
380	2020-07-23	110	4	0	7	3	3126	0	0	360	311	367
356	2020-07-24	107	5	0	7	3	3127	0	0	380	354	330
227	2020-07-25	106	6	1	7	3	3128	0	0	356	192	175
232	2020-07-26	116	0	1	7	3	3129	0	0	227	225	216
435	2020-07-27	138	1	0	7	3	3130	0	0	232	467	342
377	2020-07-28	111	2	0	7	3	3131	0	0	435	339	347
374	2020-07-29	111	3	0	7	3	3132	0	0	377	360	342
349	2020-07-30	114	4	0	7	3	3133	0	0	374	380	344
350	2020-07-31	109	5	0	7	3	3134	0	0	349	356	334
203	2020-08-01	81	6	1	8	3	3135	0	0	350	227	185
237	2020-08-02	100	0	1	8	3	3136	0	0	203	232	256
501	2020-08-03	172	1	0	8	3	3137	0	0	237	435	526
409	2020-08-04	106	2	0	8	3	3138	0	0	501	377	374
390	2020-08-05	119	3	0	8	3	3139	0	0	409	374	394
384	2020-08-06	105	4	0	8	3	3140	0	0	390	349	331
406	2020-08-07	124	5	0	8	3	3141	0	0	384	350	335
263	2020-08-08	102	6	1	8	3	3142	0	0	406	203	235
274	2020-08-09	144	0	1	8	3	3143	1	0	263	237	268
502	2020-08-10	156	1	0	8	3	3144	0	0	274	501	434
429	2020-08-11	105	2	0	8	3	3145	0	0	502	409	320
414	2020-08-12	126	3	0	8	3	3146	0	0	429	390	375
380	2020-08-13	105	4	0	8	3	3147	0	0	414	384	311
401	2020-08-14	114	5	0	8	3	3148	0	0	380	406	354
265	2020-08-15	101	6	1	8	3	3149	0	0	401	263	192
277	2020-08-16	139	0	1	8	3	3150	0	0	265	274	225
455	2020-08-17	159	1	0	8	3	3151	0	0	277	502	467
377	2020-08-18	101	2	0	8	3	3152	0	0	455	429	339
396	2020-08-19	124	3	0	8	3	3153	0	0	377	414	360
420	2020-08-20	104	4	0	8	3	3154	0	0	396	380	380
341	2020-08-21	95	5	0	8	3	3155	0	0	420	401	356
170	2020-08-22	55	6	1	8	3	3156	0	0	341	265	227
232	2020-08-23	97	0	1	8	3	3157	0	0	170	277	232
435	2020-08-24	132	1	0	8	3	3158	0	0	232	455	435
382	2020-08-25	103	2	0	8	3	3159	0	0	435	377	377
380	2020-08-26	88	3	0	8	3	3160	0	0	382	396	374
356	2020-08-27	73	4	0	8	3	3161	0	0	380	420	349
401	2020-08-28	121	5	0	8	3	3162	0	0	356	341	350
252	2020-08-29	106	6	1	8	3	3163	0	0	401	170	203
326	2020-08-30	161	0	1	8	3	3164	0	0	252	232	237
529	2020-08-31	162	1	0	8	3	3165	0	0	326	435	501
441	2020-09-01	132	2	0	9	3	3166	0	0	529	382	409
397	2020-09-02	100	3	0	9	3	3167	0	0	441	380	390
490	2020-09-03	132	4	0	9	3	3168	0	0	397	356	384
408	2020-09-04	119	5	0	9	3	3169	0	0	490	401	406
253	2020-09-05	105	6	1	9	3	3170	0	0	408	252	263
290	2020-09-06	135	0	1	9	3	3171	0	0	253	326	274
262	2020-09-07	99	1	0	9	3	3172	1	1	290	529	502
464	2020-09-08	156	2	0	9	3	3173	0	0	262	441	429
519	2020-09-09	125	3	0	9	3	3174	0	0	464	397	414
503	2020-09-10	131	4	0	9	3	3175	0	0	519	490	380
438	2020-09-11	132	5	0	9	3	3176	0	0	503	408	401
286	2020-09-12	121	6	1	9	3	3177	0	0	438	253	265
298	2020-09-13	156	0	1	9	3	3178	0	0	286	290	277
548	2020-09-14	191	1	0	9	3	3179	0	0	298	262	455
471	2020-09-15	125	2	0	9	3	3180	0	0	548	464	377
429	2020-09-16	118	3	0	9	3	3181	0	0	471	519	396
440	2020-09-17	118	4	0	9	3	3182	0	0	429	503	420
415	2020-09-18	121	5	0	9	3	3183	0	0	440	438	341
281	2020-09-19	113	6	1	9	3	3184	0	0	415	286	170
307	2020-09-20	124	0	1	9	3	3185	0	0	281	298	232
528	2020-09-21	172	1	0	9	3	3186	0	0	307	548	435
422	2020-09-22	126	2	0	9	3	3187	1	0	528	471	382
409	2020-09-23	107	3	0	9	3	3188	0	0	422	429	380
465	2020-09-24	143	4	0	9	3	3189	0	0	409	440	356
396	2020-09-25	127	5	0	9	3	3190	0	0	465	415	401
279	2020-09-26	116	6	1	9	3	3191	0	0	396	281	252
344	2020-09-27	139	0	1	9	3	3192	0	0	279	307	326
559	2020-09-28	167	1	0	9	3	3193	0	0	344	528	529
444	2020-09-29	112	2	0	9	3	3194	0	0	559	422	441
481	2020-09-30	131	3	0	9	3	3195	0	0	444	409	397
421	2020-10-01	100	4	0	10	4	3196	0	0	481	465	490
446	2020-10-02	121	5	0	10	4	3197	0	0	421	396	408
257	2020-10-03	109	6	1	10	4	3198	0	0	446	279	253
340	2020-10-04	160	0	1	10	4	3199	0	0	257	344	290
587	2020-10-05	181	1	0	10	4	3200	0	0	340	559	262
459	2020-10-06	115	2	0	10	4	3201	0	0	587	444	464
454	2020-10-07	123	3	0	10	4	3202	0	0	459	481	519
403	2020-10-08	110	4	0	10	4	3203	0	0	454	421	503
368	2020-10-09	105	5	0	10	4	3204	0	0	403	446	438
209	2020-10-10	84	6	1	10	4	3205	0	0	368	257	286
265	2020-10-11	108	0	1	10	4	3206	0	0	209	340	298
235	2020-10-12	99	1	0	10	4	3207	1	1	265	587	548
449	2020-10-13	138	2	0	10	4	3208	0	0	235	459	471
426	2020-10-14	129	3	0	10	4	3209	0	0	449	454	429
386	2020-10-15	93	4	0	10	4	3210	1	0	426	403	440
354	2020-10-16	87	5	0	10	4	3211	0	0	386	368	415
183	2020-10-17	65	6	1	10	4	3212	0	0	354	209	281
238	2020-10-18	113	0	1	10	4	3213	0	0	183	265	307
454	2020-10-19	135	1	0	10	4	3214	0	0	238	235	528
412	2020-10-20	110	2	0	10	4	3215	0	0	454	449	422
413	2020-10-21	101	3	0	10	4	3216	0	0	412	426	409
368	2020-10-22	94	4	0	10	4	3217	0	0	413	386	465
397	2020-10-23	107	5	0	10	4	3218	0	0	368	354	396
214	2020-10-24	91	6	1	10	4	3219	0	0	397	183	279
257	2020-10-25	119	0	1	10	4	3220	0	0	214	238	344
456	2020-10-26	118	1	0	10	4	3221	0	0	257	454	559
377	2020-10-27	92	2	0	10	4	3222	0	0	456	412	444
306	2020-10-28	86	3	0	10	4	3223	1	0	377	413	481
341	2020-10-29	100	4	0	10	4	3224	0	0	306	368	421
213	2020-10-30	60	5	0	10	4	3225	0	0	341	397	446
209	2020-10-31	80	6	1	10	4	3226	0	0	213	214	257
219	2020-11-01	95	0	1	11	4	3227	0	0	209	257	340
209	2020-11-02	95	1	0	11	4	3228	1	1	219	456	587
383	2020-11-03	103	2	0	11	4	3229	0	0	209	377	459
364	2020-11-04	85	3	0	11	4	3230	0	0	383	306	454
313	2020-11-05	86	4	0	11	4	3231	0	0	364	341	403
336	2020-11-06	92	5	0	11	4	3232	0	0	313	213	368
205	2020-11-07	71	6	1	11	4	3233	0	0	336	209	209
274	2020-11-08	131	0	1	11	4	3234	0	0	205	219	265
504	2020-11-09	175	1	0	11	4	3235	0	0	274	209	235
398	2020-11-10	110	2	0	11	4	3236	0	0	504	383	449
414	2020-11-11	107	3	0	11	4	3237	0	0	398	364	426
345	2020-11-12	96	4	0	11	4	3238	0	0	414	313	386
356	2020-11-13	90	5	0	11	4	3239	0	0	345	336	354
208	2020-11-14	72	6	1	11	4	3240	0	0	356	205	183
241	2020-11-15	95	0	1	11	4	3241	1	1	208	274	238
480	2020-11-16	130	1	0	11	4	3242	0	0	241	504	454
432	2020-11-17	101	2	0	11	4	3243	0	0	480	398	412
386	2020-11-18	114	3	0	11	4	3244	0	0	432	414	413
339	2020-11-19	84	4	0	11	4	3245	0	0	386	345	368
307	2020-11-20	91	5	0	11	4	3246	1	0	339	356	397
200	2020-11-21	74	6	1	11	4	3247	0	0	307	208	214
219	2020-11-22	101	0	1	11	4	3248	0	0	200	241	257
486	2020-11-23	133	1	0	11	4	3249	0	0	219	480	456
434	2020-11-24	109	2	0	11	4	3250	0	0	486	432	377
387	2020-11-25	99	3	0	11	4	3251	0	0	434	386	306
355	2020-11-26	99	4	0	11	4	3252	0	0	387	339	341
354	2020-11-27	98	5	0	11	4	3253	0	0	355	307	213
201	2020-11-28	78	6	1	11	4	3254	0	0	354	200	209
228	2020-11-29	100	0	1	11	4	3255	0	0	201	219	219
489	2020-11-30	136	1	0	11	4	3256	0	0	228	486	209
382	2020-12-01	92	2	0	12	4	3257	0	0	489	434	383
360	2020-12-02	96	3	0	12	4	3258	0	0	382	387	364
379	2020-12-03	89	4	0	12	4	3259	0	0	360	355	313
293	2020-12-04	79	5	0	12	4	3260	0	0	379	354	336
189	2020-12-05	83	6	1	12	4	3261	0	0	293	201	205
243	2020-12-06	95	0	1	12	4	3262	0	0	189	228	274
408	2020-12-07	128	1	0	12	4	3263	0	0	243	489	504
339	2020-12-08	83	2	0	12	4	3264	0	0	408	382	398
366	2020-12-09	107	3	0	12	4	3265	0	0	339	360	414
371	2020-12-10	98	4	0	12	4	3266	0	0	366	379	345
338	2020-12-11	97	5	0	12	4	3267	0	0	371	293	356
207	2020-12-12	79	6	1	12	4	3268	0	0	338	189	208
251	2020-12-13	101	0	1	12	4	3269	0	0	207	243	241
398	2020-12-14	101	1	0	12	4	3270	0	0	251	408	480
373	2020-12-15	102	2	0	12	4	3271	0	0	398	339	432
423	2020-12-16	120	3	0	12	4	3272	0	0	373	366	386
327	2020-12-17	93	4	0	12	4	3273	0	0	423	371	339
363	2020-12-18	98	5	0	12	4	3274	0	0	327	338	307
239	2020-12-19	101	6	1	12	4	3275	0	0	363	207	200
442	2020-12-20	177	0	1	12	4	3276	0	0	239	251	219
442	2020-12-21	125	1	0	12	4	3277	1	0	442	398	486
366	2020-12-22	84	2	0	12	4	3278	0	0	442	373	434
327	2020-12-23	88	3	0	12	4	3279	0	0	366	423	387
211	2020-12-24	73	4	0	12	4	3280	1	0	327	327	355
264	2020-12-25	136	5	0	12	4	3281	1	1	211	363	354
184	2020-12-26	71	6	1	12	4	3282	0	0	264	239	201
225	2020-12-27	92	0	1	12	4	3283	0	0	184	442	228
468	2020-12-28	126	1	0	12	4	3284	0	0	225	442	489
369	2020-12-29	97	2	0	12	4	3285	0	0	468	366	382
324	2020-12-30	89	3	0	12	4	3286	0	0	369	327	360
246	2020-12-31	85	4	0	12	4	3287	1	0	324	211	379
385	2021-01-01	207	5	0	1	1	3288	1	1	246	264	293
221	2021-01-02	82	6	1	1	1	3289	0	0	385	184	189
248	2021-01-03	92	0	1	1	1	3290	0	0	221	225	243
522	2021-01-04	173	1	0	1	1	3291	0	0	248	468	408
478	2021-01-05	126	2	0	1	1	3292	0	0	522	369	339
426	2021-01-06	149	3	0	1	1	3293	0	0	478	324	366
387	2021-01-07	106	4	0	1	1	3294	0	0	426	246	371
421	2021-01-08	122	5	0	1	1	3295	0	0	387	385	338
268	2021-01-09	106	6	1	1	1	3296	0	0	421	221	207
295	2021-01-10	137	0	1	1	1	3297	0	0	268	248	251
640	2021-01-11	164	1	0	1	1	3298	0	0	295	522	398
446	2021-01-12	116	2	0	1	1	3299	0	0	640	478	373
438	2021-01-13	113	3	0	1	1	3300	0	0	446	426	423
424	2021-01-14	137	4	0	1	1	3301	0	0	438	387	327
369	2021-01-15	98	5	0	1	1	3302	0	0	424	421	363
226	2021-01-16	91	6	1	1	1	3303	0	0	369	268	239
294	2021-01-17	129	0	1	1	1	3304	0	0	226	295	442
503	2021-01-18	137	1	0	1	1	3305	0	0	294	640	442
411	2021-01-19	104	2	0	1	1	3306	0	0	503	446	366
450	2021-01-20	131	3	0	1	1	3307	0	0	411	438	327
367	2021-01-21	102	4	0	1	1	3308	0	0	450	424	211
399	2021-01-22	123	5	0	1	1	3309	0	0	367	369	264
270	2021-01-23	105	6	1	1	1	3310	0	0	399	226	184
280	2021-01-24	102	0	1	1	1	3311	0	0	270	294	225
511	2021-01-25	153	1	0	1	1	3312	0	0	280	503	468
469	2021-01-26	123	2	0	1	1	3313	0	0	511	411	369
415	2021-01-27	100	3	0	1	1	3314	0	0	469	450	324
404	2021-01-28	119	4	0	1	1	3315	0	0	415	367	246
412	2021-01-29	100	5	0	1	1	3316	0	0	404	399	385
304	2021-01-30	113	6	1	1	1	3317	0	0	412	270	221
324	2021-01-31	147	0	1	1	1	3318	0	0	304	280	248
524	2021-02-01	155	1	0	2	1	3319	0	0	324	511	522
487	2021-02-02	131	2	0	2	1	3320	0	0	524	469	478
458	2021-02-03	122	3	0	2	1	3321	0	0	487	415	426
471	2021-02-04	134	4	0	2	1	3322	0	0	458	404	387
412	2021-02-05	109	5	0	2	1	3323	0	0	471	412	421
255	2021-02-06	103	6	1	2	1	3324	0	0	412	304	268
302	2021-02-07	134	0	1	2	1	3325	0	0	255	324	295
488	2021-02-08	155	1	0	2	1	3326	0	0	302	524	640
475	2021-02-09	108	2	0	2	1	3327	0	0	488	487	446
434	2021-02-10	138	3	0	2	1	3328	0	0	475	458	438
410	2021-02-11	101	4	0	2	1	3329	0	0	434	471	424
419	2021-02-12	125	5	0	2	1	3330	1	0	410	412	369
243	2021-02-13	97	6	1	2	1	3331	1	0	419	255	226
289	2021-02-14	124	0	1	2	1	3332	1	0	243	302	294
454	2021-02-15	147	1	0	2	1	3333	1	0	289	488	503
412	2021-02-16	110	2	0	2	1	3334	1	0	454	475	411
461	2021-02-17	109	3	0	2	1	3335	1	0	412	434	450
434	2021-02-18	111	4	0	2	1	3336	0	0	461	410	367
486	2021-02-19	118	5	0	2	1	3337	0	0	434	419	399
308	2021-02-20	123	6	1	2	1	3338	0	0	486	243	270
331	2021-02-21	117	0	1	2	1	3339	0	0	308	289	280
522	2021-02-22	164	1	0	2	1	3340	0	0	331	454	511
435	2021-02-23	97	2	0	2	1	3341	0	0	522	412	469
416	2021-02-24	105	3	0	2	1	3342	0	0	435	461	415
451	2021-02-25	93	4	0	2	1	3343	0	0	416	434	404
401	2021-02-26	99	5	0	2	1	3344	0	0	451	486	412
204	2021-02-27	65	6	1	2	1	3345	0	0	401	308	304
301	2021-02-28	101	0	1	2	1	3346	0	0	204	331	324
494	2021-03-01	129	1	0	3	1	3347	0	0	301	522	524
390	2021-03-02	101	2	0	3	1	3348	0	0	494	435	487
396	2021-03-03	99	3	0	3	1	3349	0	0	390	416	458
375	2021-03-04	98	4	0	3	1	3350	0	0	396	451	471
377	2021-03-05	88	5	0	3	1	3351	0	0	375	401	412
209	2021-03-06	78	6	1	3	1	3352	0	0	377	204	255
261	2021-03-07	106	0	1	3	1	3353	0	0	209	301	302
436	2021-03-08	121	1	0	3	1	3354	0	0	261	494	488
406	2021-03-09	103	2	0	3	1	3355	0	0	436	390	475
354	2021-03-10	99	3	0	3	1	3356	0	0	406	396	434
352	2021-03-11	82	4	0	3	1	3357	0	0	354	375	410
339	2021-03-12	71	5	0	3	1	3358	0	0	352	377	419
247	2021-03-13	86	6	1	3	1	3359	0	0	339	209	243
261	2021-03-14	122	0	1	3	1	3360	0	0	247	261	289
482	2021-03-15	135	1	0	3	1	3361	0	0	261	436	454
430	2021-03-16	107	2	0	3	1	3362	0	0	482	406	412
338	2021-03-17	90	3	0	3	1	3363	0	0	430	354	461
376	2021-03-18	99	4	0	3	1	3364	0	0	338	352	434
334	2021-03-19	80	5	0	3	1	3365	0	0	376	339	486
199	2021-03-20	76	6	1	3	1	3366	1	0	334	247	308
213	2021-03-21	88	0	1	3	1	3367	0	0	199	261	331
527	2021-03-22	158	1	0	3	1	3368	0	0	213	482	522
361	2021-03-23	95	2	0	3	1	3369	0	0	527	430	435
363	2021-03-24	96	3	0	3	1	3370	0	0	361	338	416
360	2021-03-25	101	4	0	3	1	3371	0	0	363	376	451
329	2021-03-26	85	5	0	3	1	3372	0	0	360	334	401
204	2021-03-27	78	6	1	3	1	3373	0	0	329	199	204
219	2021-03-28	104	0	1	3	1	3374	0	0	204	213	301
454	2021-03-29	124	1	0	3	1	3375	0	0	219	527	494
338	2021-03-30	69	2	0	3	1	3376	0	0	454	361	390
372	2021-03-31	86	3	0	3	1	3377	0	0	338	363	396
292	2021-04-01	82	4	0	4	2	3378	0	0	372	360	375
197	2021-04-02	64	5	0	4	2	3379	1	1	292	329	377
198	2021-04-03	69	6	1	4	2	3380	0	0	197	204	209
218	2021-04-04	92	0	1	4	2	3381	1	0	198	219	261
458	2021-04-05	139	1	0	4	2	3382	0	0	218	454	436
366	2021-04-06	88	2	0	4	2	3383	0	0	458	338	406
387	2021-04-07	113	3	0	4	2	3384	0	0	366	372	354
402	2021-04-08	89	4	0	4	2	3385	0	0	387	292	352
412	2021-04-09	116	5	0	4	2	3386	0	0	402	197	339
241	2021-04-10	93	6	1	4	2	3387	0	0	412	198	247
276	2021-04-11	114	0	1	4	2	3388	0	0	241	218	261
530	2021-04-12	165	1	0	4	2	3389	0	0	276	458	482
430	2021-04-13	103	2	0	4	2	3390	0	0	530	366	430
432	2021-04-14	117	3	0	4	2	3391	0	0	430	387	338
436	2021-04-15	96	4	0	4	2	3392	0	0	432	402	376
403	2021-04-16	87	5	0	4	2	3393	0	0	436	412	334
212	2021-04-17	86	6	1	4	2	3394	0	0	403	241	199
249	2021-04-18	104	0	1	4	2	3395	0	0	212	276	213
518	2021-04-19	133	1	0	4	2	3396	0	0	249	530	527
468	2021-04-20	123	2	0	4	2	3397	0	0	518	430	361
224	2021-04-21	64	3	0	4	2	3398	1	1	468	432	363
452	2021-04-22	120	4	0	4	2	3399	0	0	224	436	360
445	2021-04-23	105	5	0	4	2	3400	0	0	452	403	329
229	2021-04-24	79	6	1	4	2	3401	0	0	445	212	204
239	2021-04-25	109	0	1	4	2	3402	0	0	229	249	219
545	2021-04-26	155	1	0	4	2	3403	0	0	239	518	454
479	2021-04-27	114	2	0	4	2	3404	0	0	545	468	338
435	2021-04-28	114	3	0	4	2	3405	0	0	479	224	372
399	2021-04-29	98	4	0	4	2	3406	0	0	435	452	292
390	2021-04-30	116	5	0	4	2	3407	0	0	399	445	197
219	2021-05-01	100	6	1	5	2	3408	1	1	390	229	198
247	2021-05-02	98	0	1	5	2	3409	0	0	219	239	218
491	2021-05-03	156	1	0	5	2	3410	0	0	247	545	458
430	2021-05-04	109	2	0	5	2	3411	0	0	491	479	366
419	2021-05-05	93	3	0	5	2	3412	0	0	430	435	387
367	2021-05-06	95	4	0	5	2	3413	0	0	419	399	402
374	2021-05-07	111	5	0	5	2	3414	0	0	367	390	412
210	2021-05-08	79	6	1	5	2	3415	0	0	374	219	241
234	2021-05-09	99	0	1	5	2	3416	1	0	210	247	276
484	2021-05-10	149	1	0	5	2	3417	0	0	234	491	530
436	2021-05-11	101	2	0	5	2	3418	0	0	484	430	430
429	2021-05-12	111	3	0	5	2	3419	0	0	436	419	432
332	2021-05-13	82	4	0	5	2	3420	0	0	429	367	436
361	2021-05-14	95	5	0	5	2	3421	0	0	332	374	403
218	2021-05-15	87	6	1	5	2	3422	0	0	361	210	212
229	2021-05-16	85	0	1	5	2	3423	0	0	218	234	249
503	2021-05-17	131	1	0	5	2	3424	0	0	229	484	518
461	2021-05-18	114	2	0	5	2	3425	0	0	503	436	468
458	2021-05-19	107	3	0	5	2	3426	0	0	461	429	224
412	2021-05-20	110	4	0	5	2	3427	0	0	458	332	452
458	2021-05-21	106	5	0	5	2	3428	0	0	412	361	445
195	2021-05-22	69	6	1	5	2	3429	0	0	458	218	229
232	2021-05-23	105	0	1	5	2	3430	0	0	195	229	239
492	2021-05-24	153	1	0	5	2	3431	0	0	232	503	545
460	2021-05-25	101	2	0	5	2	3432	0	0	492	461	479
426	2021-05-26	91	3	0	5	2	3433	0	0	460	458	435
398	2021-05-27	96	4	0	5	2	3434	0	0	426	412	399
447	2021-05-28	122	5	0	5	2	3435	0	0	398	458	390
244	2021-05-29	99	6	1	5	2	3436	0	0	447	195	219
229	2021-05-30	103	0	1	5	2	3437	0	0	244	232	247
510	2021-05-31	127	1	0	5	2	3438	0	0	229	492	491
398	2021-06-01	115	2	0	6	2	3439	0	0	510	460	430
393	2021-06-02	110	3	0	6	2	3440	0	0	398	426	419
232	2021-06-03	91	4	0	6	2	3441	1	0	393	398	367
319	2021-06-04	96	5	0	6	2	3442	0	0	232	447	374
182	2021-06-05	82	6	1	6	2	3443	0	0	319	244	210
259	2021-06-06	109	0	1	6	2	3444	0	0	182	229	234
500	2021-06-07	149	1	0	6	2	3445	0	0	259	510	484
439	2021-06-08	137	2	0	6	2	3446	0	0	500	398	436
410	2021-06-09	113	3	0	6	2	3447	0	0	439	393	429
399	2021-06-10	90	4	0	6	2	3448	0	0	410	232	332
336	2021-06-11	87	5	0	6	2	3449	0	0	399	319	361
192	2021-06-12	71	6	1	6	2	3450	1	0	336	182	218
241	2021-06-13	101	0	1	6	2	3451	0	0	192	259	229
469	2021-06-14	119	1	0	6	2	3452	0	0	241	500	503
412	2021-06-15	109	2	0	6	2	3453	0	0	469	439	461
418	2021-06-16	107	3	0	6	2	3454	0	0	412	410	458
378	2021-06-17	105	4	0	6	2	3455	0	0	418	399	412
411	2021-06-18	97	5	0	6	2	3456	0	0	378	336	458
208	2021-06-19	71	6	1	6	2	3457	0	0	411	192	195
224	2021-06-20	105	0	1	6	2	3458	0	0	208	241	232
493	2021-06-21	147	1	0	6	2	3459	1	0	224	469	492
451	2021-06-22	113	2	0	6	2	3460	0	0	493	412	460
425	2021-06-23	110	3	0	6	2	3461	0	0	451	418	426
409	2021-06-24	119	4	0	6	2	3462	0	0	425	378	398
388	2021-06-25	89	5	0	6	2	3463	0	0	409	411	447
264	2021-06-26	106	6	1	6	2	3464	0	0	388	208	244
276	2021-06-27	133	0	1	6	2	3465	0	0	264	224	229
496	2021-06-28	151	1	0	6	2	3466	0	0	276	493	510
395	2021-06-29	114	2	0	6	2	3467	0	0	496	451	398
494	2021-06-30	99	3	0	6	2	3468	0	0	395	425	393
328	2021-07-01	67	4	0	7	3	3469	0	0	494	409	232
354	2021-07-02	90	5	0	7	3	3470	0	0	328	388	319
218	2021-07-03	69	6	1	7	3	3471	0	0	354	264	182
264	2021-07-04	108	0	1	7	3	3472	0	0	218	276	259
475	2021-07-05	133	1	0	7	3	3473	0	0	264	496	500
456	2021-07-06	106	2	0	7	3	3474	0	0	475	395	439
407	2021-07-07	97	3	0	7	3	3475	0	0	456	494	410
394	2021-07-08	114	4	0	7	3	3476	0	0	407	328	399
358	2021-07-09	105	5	0	7	3	3477	0	0	394	354	336
214	2021-07-10	70	6	1	7	3	3478	0	0	358	218	192
230	2021-07-11	106	0	1	7	3	3479	0	0	214	264	241
537	2021-07-12	158	1	0	7	3	3480	0	0	230	475	469
481	2021-07-13	135	2	0	7	3	3481	0	0	537	456	412
449	2021-07-14	112	3	0	7	3	3482	0	0	481	407	418
436	2021-07-15	108	4	0	7	3	3483	0	0	449	394	378
411	2021-07-16	108	5	0	7	3	3484	0	0	436	358	411
261	2021-07-17	92	6	1	7	3	3485	0	0	411	214	208
266	2021-07-18	134	0	1	7	3	3486	0	0	261	230	224
547	2021-07-19	150	1	0	7	3	3487	0	0	266	537	493
500	2021-07-20	110	2	0	7	3	3488	0	0	547	481	451
433	2021-07-21	108	3	0	7	3	3489	0	0	500	449	425
437	2021-07-22	111	4	0	7	3	3490	0	0	433	436	409
433	2021-07-23	111	5	0	7	3	3491	0	0	437	411	388
225	2021-07-24	77	6	1	7	3	3492	0	0	433	261	264
274	2021-07-25	136	0	1	7	3	3493	0	0	225	266	276
529	2021-07-26	150	1	0	7	3	3494	0	0	274	547	496
430	2021-07-27	116	2	0	7	3	3495	0	0	529	500	395
403	2021-07-28	95	3	0	7	3	3496	0	0	430	433	494
411	2021-07-29	96	4	0	7	3	3497	0	0	403	437	328
443	2021-07-30	116	5	0	7	3	3498	0	0	411	433	354
278	2021-07-31	85	6	1	7	3	3499	0	0	443	225	218
285	2021-08-01	118	0	1	8	3	3500	0	0	278	274	264
492	2021-08-02	128	1	0	8	3	3501	0	0	285	529	475
470	2021-08-03	110	2	0	8	3	3502	0	0	492	430	456
400	2021-08-04	117	3	0	8	3	3503	0	0	470	403	407
452	2021-08-05	109	4	0	8	3	3504	0	0	400	411	394
436	2021-08-06	107	5	0	8	3	3505	0	0	452	443	358
259	2021-08-07	111	6	1	8	3	3506	0	0	436	278	214
359	2021-08-08	161	0	1	8	3	3507	1	0	259	285	230
601	2021-08-09	167	1	0	8	3	3508	0	0	359	492	537
541	2021-08-10	140	2	0	8	3	3509	0	0	601	470	481
468	2021-08-11	111	3	0	8	3	3510	0	0	541	400	449
407	2021-08-12	85	4	0	8	3	3511	0	0	468	452	436
489	2021-08-13	136	5	0	8	3	3512	0	0	407	436	411
256	2021-08-14	97	6	1	8	3	3513	0	0	489	259	261
266	2021-08-15	100	0	1	8	3	3514	0	0	256	359	266
588	2021-08-16	173	1	0	8	3	3515	0	0	266	601	547
487	2021-08-17	120	2	0	8	3	3516	0	0	588	541	500
539	2021-08-18	147	3	0	8	3	3517	0	0	487	468	433
465	2021-08-19	122	4	0	8	3	3518	0	0	539	407	437
461	2021-08-20	117	5	0	8	3	3519	0	0	465	489	433
296	2021-08-21	117	6	1	8	3	3520	0	0	461	256	225
324	2021-08-22	146	0	1	8	3	3521	0	0	296	266	274
619	2021-08-23	171	1	0	8	3	3522	0	0	324	588	529
545	2021-08-24	118	2	0	8	3	3523	0	0	619	487	430
513	2021-08-25	130	3	0	8	3	3524	0	0	545	539	403
484	2021-08-26	127	4	0	8	3	3525	0	0	513	465	411
463	2021-08-27	128	5	0	8	3	3526	0	0	484	461	443
286	2021-08-28	99	6	1	8	3	3527	0	0	463	296	278
267	2021-08-29	112	0	1	8	3	3528	0	0	286	324	285
557	2021-08-30	149	1	0	8	3	3529	0	0	267	619	492
620	2021-08-31	140	2	0	8	3	3530	0	0	557	545	470
477	2021-09-01	105	3	0	9	3	3531	0	0	620	513	400
452	2021-09-02	130	4	0	9	3	3532	0	0	477	484	452
448	2021-09-03	113	5	0	9	3	3533	0	0	452	463	436
285	2021-09-04	118	6	1	9	3	3534	0	0	448	286	259
342	2021-09-05	159	0	1	9	3	3535	0	0	285	267	359
363	2021-09-06	120	1	0	9	3	3536	0	0	342	557	601
304	2021-09-07	121	2	0	9	3	3537	1	1	363	620	541
674	2021-09-08	203	3	0	9	3	3538	0	0	304	477	468
535	2021-09-09	160	4	0	9	3	3539	0	0	674	452	407
547	2021-09-10	126	5	0	9	3	3540	0	0	535	448	489
308	2021-09-11	116	6	1	9	3	3541	0	0	547	285	256
357	2021-09-12	163	0	1	9	3	3542	0	0	308	342	266
753	2021-09-13	217	1	0	9	3	3543	0	0	357	363	588
600	2021-09-14	173	2	0	9	3	3544	0	0	753	304	487
483	2021-09-15	133	3	0	9	3	3545	0	0	600	674	539
460	2021-09-16	121	4	0	9	3	3546	0	0	483	535	465
482	2021-09-17	135	5	0	9	3	3547	0	0	460	547	461
281	2021-09-18	103	6	1	9	3	3548	0	0	482	308	296
378	2021-09-19	176	0	1	9	3	3549	0	0	281	357	324
644	2021-09-20	205	1	0	9	3	3550	0	0	378	753	619
553	2021-09-21	145	2	0	9	3	3551	0	0	644	600	545
510	2021-09-22	127	3	0	9	3	3552	1	0	553	483	513
450	2021-09-23	113	4	0	9	3	3553	0	0	510	460	484
450	2021-09-24	118	5	0	9	3	3554	0	0	450	482	463
313	2021-09-25	115	6	1	9	3	3555	0	0	450	281	286
341	2021-09-26	160	0	1	9	3	3556	0	0	313	378	267
701	2021-09-27	198	1	0	9	3	3557	0	0	341	644	557
556	2021-09-28	120	2	0	9	3	3558	0	0	701	553	620
493	2021-09-29	136	3	0	9	3	3559	0	0	556	510	477
653	2021-09-30	133	4	0	9	3	3560	0	0	493	450	452
507	2021-10-01	130	5	0	10	4	3561	0	0	653	450	448
308	2021-10-02	105	6	1	10	4	3562	0	0	507	313	285
381	2021-10-03	176	0	1	10	4	3563	0	0	308	341	342
655	2021-10-04	194	1	0	10	4	3564	0	0	381	701	363
546	2021-10-05	137	2	0	10	4	3565	0	0	655	556	304
501	2021-10-06	155	3	0	10	4	3566	0	0	546	493	674
502	2021-10-07	158	4	0	10	4	3567	0	0	501	653	535
507	2021-10-08	131	5	0	10	4	3568	0	0	502	507	547
274	2021-10-09	126	6	1	10	4	3569	0	0	507	308	308
318	2021-10-10	121	0	1	10	4	3570	0	0	274	381	357
364	2021-10-11	120	1	0	10	4	3571	0	0	318	655	753
298	2021-10-12	111	2	0	10	4	3572	1	1	364	546	600
664	2021-10-13	199	3	0	10	4	3573	0	0	298	501	483
550	2021-10-14	157	4	0	10	4	3574	0	0	664	502	460
549	2021-10-15	159	5	0	10	4	3575	1	0	550	507	482
280	2021-10-16	123	6	1	10	4	3576	0	0	549	274	281
329	2021-10-17	147	0	1	10	4	3577	0	0	280	318	378
612	2021-10-18	191	1	0	10	4	3578	0	0	329	364	644
459	2021-10-19	120	2	0	10	4	3579	0	0	612	298	553
567	2021-10-20	156	3	0	10	4	3580	0	0	459	664	510
447	2021-10-21	122	4	0	10	4	3581	0	0	567	550	450
499	2021-10-22	130	5	0	10	4	3582	0	0	447	549	450
294	2021-10-23	119	6	1	10	4	3583	0	0	499	280	313
321	2021-10-24	146	0	1	10	4	3584	0	0	294	329	341
625	2021-10-25	184	1	0	10	4	3585	0	0	321	612	701
505	2021-10-26	124	2	0	10	4	3586	0	0	625	459	556
469	2021-10-27	122	3	0	10	4	3587	0	0	505	567	493
475	2021-10-28	109	4	0	10	4	3588	1	0	469	447	653
446	2021-10-29	105	5	0	10	4	3589	0	0	475	499	507
305	2021-10-30	133	6	1	10	4	3590	0	0	446	294	308
350	2021-10-31	154	0	1	10	4	3591	0	0	305	321	381
321	2021-11-01	90	1	0	11	4	3592	0	0	350	625	655
288	2021-11-02	110	2	0	11	4	3593	1	1	321	505	546
623	2021-11-03	198	3	0	11	4	3594	0	0	288	469	501
551	2021-11-04	151	4	0	11	4	3595	0	0	623	475	502
541	2021-11-05	132	5	0	11	4	3596	0	0	551	446	507
276	2021-11-06	108	6	1	11	4	3597	0	0	541	305	274
335	2021-11-07	165	0	1	11	4	3598	0	0	276	350	318
654	2021-11-08	201	1	0	11	4	3599	0	0	335	321	364
584	2021-11-09	153	2	0	11	4	3600	0	0	654	288	298
550	2021-11-10	149	3	0	11	4	3601	0	0	584	623	664
525	2021-11-11	146	4	0	11	4	3602	0	0	550	551	550
488	2021-11-12	139	5	0	11	4	3603	0	0	525	541	549
290	2021-11-13	111	6	1	11	4	3604	0	0	488	276	280
293	2021-11-14	129	0	1	11	4	3605	0	0	290	335	329
289	2021-11-15	110	1	0	11	4	3606	1	1	293	654	612
580	2021-11-16	172	2	0	11	4	3607	0	0	289	584	459
573	2021-11-17	130	3	0	11	4	3608	0	0	580	550	567
574	2021-11-18	153	4	0	11	4	3609	0	0	573	525	447
515	2021-11-19	145	5	0	11	4	3610	0	0	574	488	499
315	2021-11-20	106	6	1	11	4	3611	1	0	515	290	294
331	2021-11-21	145	0	1	11	4	3612	0	0	315	293	321
683	2021-11-22	181	1	0	11	4	3613	0	0	331	289	625
575	2021-11-23	150	2	0	11	4	3614	0	0	683	580	505
536	2021-11-24	130	3	0	11	4	3615	0	0	575	573	469
484	2021-11-25	125	4	0	11	4	3616	0	0	536	574	475
485	2021-11-26	118	5	0	11	4	3617	0	0	484	515	446
313	2021-11-27	141	6	1	11	4	3618	0	0	485	315	305
353	2021-11-28	166	0	1	11	4	3619	0	0	313	331	350
584	2021-11-29	173	1	0	11	4	3620	0	0	353	683	321
733	2021-11-30	141	2	0	11	4	3621	0	0	584	575	288
493	2021-12-01	134	3	0	12	4	3622	0	0	733	536	623
487	2021-12-02	116	4	0	12	4	3623	0	0	493	484	551
505	2021-12-03	147	5	0	12	4	3624	0	0	487	485	541
271	2021-12-04	105	6	1	12	4	3625	0	0	505	313	276
309	2021-12-05	151	0	1	12	4	3626	0	0	271	353	335
646	2021-12-06	182	1	0	12	4	3627	0	0	309	584	654
508	2021-12-07	142	2	0	12	4	3628	0	0	646	733	584
464	2021-12-08	128	3	0	12	4	3629	0	0	508	493	550
483	2021-12-09	142	4	0	12	4	3630	0	0	464	487	525
563	2021-12-10	147	5	0	12	4	3631	0	0	483	505	488
262	2021-12-11	118	6	1	12	4	3632	0	0	563	271	290
330	2021-12-12	149	0	1	12	4	3633	0	0	262	309	293
725	2021-12-13	233	1	0	12	4	3634	0	0	330	646	289
485	2021-12-14	124	2	0	12	4	3635	0	0	725	508	580
536	2021-12-15	116	3	0	12	4	3636	0	0	485	464	573
479	2021-12-16	110	4	0	12	4	3637	0	0	536	483	574
492	2021-12-17	144	5	0	12	4	3638	0	0	479	563	515
277	2021-12-18	103	6	1	12	4	3639	0	0	492	262	315
312	2021-12-19	155	0	1	12	4	3640	0	0	277	330	331
587	2021-12-20	155	1	0	12	4	3641	0	0	312	725	683
462	2021-12-21	117	2	0	12	4	3642	1	0	587	485	575
430	2021-12-22	101	3	0	12	4	3643	0	0	462	536	536
375	2021-12-23	115	4	0	12	4	3644	0	0	430	479	484
212	2021-12-24	69	5	0	12	4	3645	1	0	375	492	485
343	2021-12-25	187	6	1	12	4	3646	1	1	212	277	313
194	2021-12-26	79	0	1	12	4	3647	0	0	343	312	353
519	2021-12-27	152	1	0	12	4	3648	0	0	194	587	584
407	2021-12-28	105	2	0	12	4	3649	0	0	519	462	733
400	2021-12-29	108	3	0	12	4	3650	0	0	407	430	493
358	2021-12-30	80	4	0	12	4	3651	0	0	400	375	487
327	2021-12-31	73	5	0	12	4	3652	1	0	358	212	505
372	2022-01-01	179	6	1	1	1	3653	1	1	327	343	271
247	2022-01-02	102	0	1	1	1	3654	0	0	372	194	309
538	2022-01-03	152	1	0	1	1	3655	0	0	247	519	646
484	2022-01-04	119	2	0	1	1	3656	0	0	538	407	508
470	2022-01-05	136	3	0	1	1	3657	0	0	484	400	464
410	2022-01-06	104	4	0	1	1	3658	0	0	470	358	483
346	2022-01-07	78	5	0	1	1	3659	0	0	410	327	563
193	2022-01-08	66	6	1	1	1	3660	0	0	346	372	262
220	2022-01-09	85	0	1	1	1	3661	0	0	193	247	330
465	2022-01-10	130	1	0	1	1	3662	0	0	220	538	725
377	2022-01-11	79	2	0	1	1	3663	0	0	465	484	485
342	2022-01-12	99	3	0	1	1	3664	0	0	377	470	536
371	2022-01-13	107	4	0	1	1	3665	0	0	342	410	479
358	2022-01-14	104	5	0	1	1	3666	0	0	371	346	492
241	2022-01-15	98	6	1	1	1	3667	0	0	358	193	277
262	2022-01-16	118	0	1	1	1	3668	0	0	241	220	312
446	2022-01-17	136	1	0	1	1	3669	0	0	262	465	587
444	2022-01-18	130	2	0	1	1	3670	0	0	446	377	462
412	2022-01-19	104	3	0	1	1	3671	0	0	444	342	430
385	2022-01-20	97	4	0	1	1	3672	0	0	412	371	375
340	2022-01-21	89	5	0	1	1	3673	0	0	385	358	212
303	2022-01-22	111	6	1	1	1	3674	0	0	340	241	343
279	2022-01-23	117	0	1	1	1	3675	0	0	303	262	194
561	2022-01-24	174	1	0	1	1	3676	0	0	279	446	519
436	2022-01-25	119	2	0	1	1	3677	0	0	561	444	407
440	2022-01-26	97	3	0	1	1	3678	0	0	436	412	400
426	2022-01-27	114	4	0	1	1	3679	0	0	440	385	358
435	2022-01-28	118	5	0	1	1	3680	0	0	426	340	327
252	2022-01-29	80	6	1	1	1	3681	0	0	435	303	372
226	2022-01-30	100	0	1	1	1	3682	0	0	252	279	247
597	2022-01-31	157	1	0	1	1	3683	0	0	226	561	538
422	2022-02-01	116	2	0	2	1	3684	0	0	597	436	484
433	2022-02-02	117	3	0	2	1	3685	0	0	422	440	470
452	2022-02-03	101	4	0	2	1	3686	0	0	433	426	410
387	2022-02-04	109	5	0	2	1	3687	0	0	452	435	346
299	2022-02-05	129	6	1	2	1	3688	0	0	387	252	193
303	2022-02-06	133	0	1	2	1	3689	0	0	299	226	220
607	2022-02-07	187	1	0	2	1	3690	0	0	303	597	465
477	2022-02-08	131	2	0	2	1	3691	0	0	607	422	377
476	2022-02-09	116	3	0	2	1	3692	0	0	477	433	342
500	2022-02-10	139	4	0	2	1	3693	0	0	476	452	371
471	2022-02-11	140	5	0	2	1	3694	0	0	500	387	358
309	2022-02-12	129	6	1	2	1	3695	0	0	471	299	241
339	2022-02-13	153	0	1	2	1	3696	0	0	309	303	262
581	2022-02-14	214	1	0	2	1	3697	0	0	339	607	446
526	2022-02-15	122	2	0	2	1	3698	0	0	581	477	444
535	2022-02-16	160	3	0	2	1	3699	0	0	526	476	412
537	2022-02-17	169	4	0	2	1	3700	0	0	535	500	385
552	2022-02-18	165	5	0	2	1	3701	0	0	537	471	340
322	2022-02-19	148	6	1	2	1	3702	0	0	552	309	303
373	2022-02-20	161	0	1	2	1	3703	0	0	322	339	279
593	2022-02-21	197	1	0	2	1	3704	0	0	373	581	561
559	2022-02-22	165	2	0	2	1	3705	0	0	593	526	436
555	2022-02-23	139	3	0	2	1	3706	0	0	559	535	440
506	2022-02-24	143	4	0	2	1	3707	0	0	555	537	426
554	2022-02-25	141	5	0	2	1	3708	1	0	506	552	435
322	2022-02-26	151	6	1	2	1	3709	1	0	554	322	252
376	2022-02-27	197	0	1	2	1	3710	1	0	322	373	226
488	2022-02-28	135	1	0	2	1	3711	1	0	376	593	597
307	2022-03-01	99	2	0	3	1	3712	1	0	488	559	422
457	2022-03-02	156	3	0	3	1	3713	1	0	307	555	433
590	2022-03-03	156	4	0	3	1	3714	0	0	457	506	452
511	2022-03-04	143	5	0	3	1	3715	0	0	590	554	387
307	2022-03-05	123	6	1	3	1	3716	0	0	511	322	299
360	2022-03-06	159	0	1	3	1	3717	0	0	307	376	303
729	2022-03-07	239	1	0	3	1	3718	0	0	360	488	607
539	2022-03-08	153	2	0	3	1	3719	0	0	729	307	477
564	2022-03-09	150	3	0	3	1	3720	0	0	539	457	476
572	2022-03-10	163	4	0	3	1	3721	0	0	564	590	500
586	2022-03-11	168	5	0	3	1	3722	0	0	572	511	471
324	2022-03-12	118	6	1	3	1	3723	0	0	586	307	309
362	2022-03-13	150	0	1	3	1	3724	0	0	324	360	339
737	2022-03-14	205	1	0	3	1	3725	0	0	362	729	581
586	2022-03-15	158	2	0	3	1	3726	0	0	737	539	526
520	2022-03-16	146	3	0	3	1	3727	0	0	586	564	535
497	2022-03-17	140	4	0	3	1	3728	0	0	520	572	537
588	2022-03-18	165	5	0	3	1	3729	0	0	497	586	552
349	2022-03-19	125	6	1	3	1	3730	0	0	588	324	322
325	2022-03-20	134	0	1	3	1	3731	1	0	349	362	373
698	2022-03-21	198	1	0	3	1	3732	0	0	325	737	593
582	2022-03-22	149	2	0	3	1	3733	0	0	698	586	559
498	2022-03-23	130	3	0	3	1	3734	0	0	582	520	555
525	2022-03-24	150	4	0	3	1	3735	0	0	498	497	506
516	2022-03-25	156	5	0	3	1	3736	0	0	525	588	554
321	2022-03-26	129	6	1	3	1	3737	0	0	516	349	322
345	2022-03-27	161	0	1	3	1	3738	0	0	321	325	376
702	2022-03-28	215	1	0	3	1	3739	0	0	345	698	488
567	2022-03-29	145	2	0	3	1	3740	0	0	702	582	307
597	2022-03-30	136	3	0	3	1	3741	0	0	567	498	457
539	2022-03-31	139	4	0	3	1	3742	0	0	597	525	590
473	2022-04-01	114	5	0	4	2	3743	0	0	539	516	511
264	2022-04-02	98	6	1	4	2	3744	0	0	473	321	307
349	2022-04-03	157	0	1	4	2	3745	0	0	264	345	360
668	2022-04-04	219	1	0	4	2	3746	0	0	349	702	729
647	2022-04-05	177	2	0	4	2	3747	0	0	668	567	539
549	2022-04-06	146	3	0	4	2	3748	0	0	647	597	564
550	2022-04-07	160	4	0	4	2	3749	0	0	549	539	572
473	2022-04-08	136	5	0	4	2	3750	0	0	550	473	586
319	2022-04-09	120	6	1	4	2	3751	0	0	473	264	324
386	2022-04-10	191	0	1	4	2	3752	0	0	319	349	362
745	2022-04-11	223	1	0	4	2	3753	0	0	386	668	737
523	2022-04-12	123	2	0	4	2	3754	0	0	745	647	586
540	2022-04-13	144	3	0	4	2	3755	0	0	523	549	520
437	2022-04-14	115	4	0	4	2	3756	0	0	540	550	497
279	2022-04-15	118	5	0	4	2	3757	1	1	437	473	588
267	2022-04-16	108	6	1	4	2	3758	0	0	279	319	349
312	2022-04-17	145	0	1	4	2	3759	1	0	267	386	325
714	2022-04-18	185	1	0	4	2	3760	0	0	312	745	698
548	2022-04-19	148	2	0	4	2	3761	0	0	714	523	582
542	2022-04-20	134	3	0	4	2	3762	0	0	548	540	498
240	2022-04-21	92	4	0	4	2	3763	1	1	542	437	525
412	2022-04-22	127	5	0	4	2	3764	0	0	240	279	516
287	2022-04-23	117	6	1	4	2	3765	0	0	412	267	321
345	2022-04-24	144	0	1	4	2	3766	0	0	287	312	345
633	2022-04-25	191	1	0	4	2	3767	0	0	345	714	702
565	2022-04-26	154	2	0	4	2	3768	0	0	633	548	567
514	2022-04-27	132	3	0	4	2	3769	0	0	565	542	597
560	2022-04-28	135	4	0	4	2	3770	0	0	514	240	539
550	2022-04-29	134	5	0	4	2	3771	0	0	560	412	473
289	2022-04-30	89	6	1	4	2	3772	0	0	550	287	264
371	2022-05-01	161	0	1	5	2	3773	1	1	289	345	349
687	2022-05-02	215	1	0	5	2	3774	0	0	371	633	668
598	2022-05-03	144	2	0	5	2	3775	0	0	687	565	647
508	2022-05-04	117	3	0	5	2	3776	0	0	598	514	549
514	2022-05-05	148	4	0	5	2	3777	0	0	508	560	550
460	2022-05-06	133	5	0	5	2	3778	0	0	514	550	473
251	2022-05-07	100	6	1	5	2	3779	0	0	460	289	319
342	2022-05-08	147	0	1	5	2	3780	1	0	251	371	386
733	2022-05-09	266	1	0	5	2	3781	0	0	342	687	745
636	2022-05-10	175	2	0	5	2	3782	0	0	733	598	523
557	2022-05-11	129	3	0	5	2	3783	0	0	636	508	540
537	2022-05-12	126	4	0	5	2	3784	0	0	557	514	437
494	2022-05-13	108	5	0	5	2	3785	0	0	537	460	279
301	2022-05-14	107	6	1	5	2	3786	0	0	494	251	267
337	2022-05-15	163	0	1	5	2	3787	0	0	301	342	312
723	2022-05-16	212	1	0	5	2	3788	0	0	337	733	714
545	2022-05-17	140	2	0	5	2	3789	0	0	723	636	548
445	2022-05-18	119	3	0	5	2	3790	0	0	545	557	542
412	2022-05-19	76	4	0	5	2	3791	0	0	445	537	240
487	2022-05-20	138	5	0	5	2	3792	0	0	412	494	412
222	2022-05-21	82	6	1	5	2	3793	0	0	487	301	287
300	2022-05-22	136	0	1	5	2	3794	0	0	222	337	345
592	2022-05-23	151	1	0	5	2	3795	0	0	300	723	633
512	2022-05-24	126	2	0	5	2	3796	0	0	592	545	565
522	2022-05-25	131	3	0	5	2	3797	0	0	512	445	514
492	2022-05-26	141	4	0	5	2	3798	0	0	522	412	560
532	2022-05-27	113	5	0	5	2	3799	0	0	492	487	550
263	2022-05-28	103	6	1	5	2	3800	0	0	532	222	289
292	2022-05-29	128	0	1	5	2	3801	0	0	263	300	371
624	2022-05-30	169	1	0	5	2	3802	0	0	292	592	687
525	2022-05-31	132	2	0	5	2	3803	0	0	624	512	598
519	2022-06-01	102	3	0	6	2	3804	0	0	525	522	508
479	2022-06-02	114	4	0	6	2	3805	0	0	519	492	514
514	2022-06-03	148	5	0	6	2	3806	0	0	479	532	460
248	2022-06-04	103	6	1	6	2	3807	0	0	514	263	251
303	2022-06-05	151	0	1	6	2	3808	0	0	248	292	342
612	2022-06-06	170	1	0	6	2	3809	0	0	303	624	733
499	2022-06-07	152	2	0	6	2	3810	0	0	612	525	636
531	2022-06-08	138	3	0	6	2	3811	0	0	499	519	557
486	2022-06-09	106	4	0	6	2	3812	0	0	531	479	537
450	2022-06-10	105	5	0	6	2	3813	0	0	486	514	494
256	2022-06-11	89	6	1	6	2	3814	0	0	450	248	301
297	2022-06-12	144	0	1	6	2	3815	1	0	256	303	337
560	2022-06-13	135	1	0	6	2	3816	0	0	297	612	723
492	2022-06-14	117	2	0	6	2	3817	0	0	560	499	545
451	2022-06-15	103	3	0	6	2	3818	0	0	492	531	445
253	2022-06-16	89	4	0	6	2	3819	1	0	451	486	412
317	2022-06-17	70	5	0	6	2	3820	0	0	253	450	487
264	2022-06-18	103	6	1	6	2	3821	0	0	317	256	222
301	2022-06-19	138	0	1	6	2	3822	0	0	264	297	300
579	2022-06-20	173	1	0	6	2	3823	0	0	301	560	592
522	2022-06-21	151	2	0	6	2	3824	1	0	579	492	512
536	2022-06-22	128	3	0	6	2	3825	0	0	522	451	522
483	2022-06-23	128	4	0	6	2	3826	0	0	536	253	492
500	2022-06-24	106	5	0	6	2	3827	0	0	483	317	532
246	2022-06-25	94	6	1	6	2	3828	0	0	500	264	263
283	2022-06-26	126	0	1	6	2	3829	0	0	246	301	292
632	2022-06-27	190	1	0	6	2	3830	0	0	283	579	624
502	2022-06-28	144	2	0	6	2	3831	0	0	632	522	525
495	2022-06-29	100	3	0	6	2	3832	0	0	502	536	519
620	2022-06-30	145	4	0	6	2	3833	0	0	495	483	479
480	2022-07-01	118	5	0	7	3	3834	0	0	620	500	514
242	2022-07-02	109	6	1	7	3	3835	0	0	480	246	248
302	2022-07-03	139	0	1	7	3	3836	0	0	242	283	303
650	2022-07-04	171	1	0	7	3	3837	0	0	302	632	612
553	2022-07-05	126	2	0	7	3	3838	0	0	650	502	499
523	2022-07-06	124	3	0	7	3	3839	0	0	553	495	531
520	2022-07-07	119	4	0	7	3	3840	0	0	523	620	486
457	2022-07-08	137	5	0	7	3	3841	0	0	520	480	450
308	2022-07-09	120	6	1	7	3	3842	0	0	457	242	256
350	2022-07-10	156	0	1	7	3	3843	0	0	308	302	297
645	2022-07-11	196	1	0	7	3	3844	0	0	350	650	560
526	2022-07-12	143	2	0	7	3	3845	0	0	645	553	492
508	2022-07-13	132	3	0	7	3	3846	0	0	526	523	451
499	2022-07-14	119	4	0	7	3	3847	0	0	508	520	253
508	2022-07-15	144	5	0	7	3	3848	0	0	499	457	317
310	2022-07-16	128	6	1	7	3	3849	0	0	508	308	264
359	2022-07-17	163	0	1	7	3	3850	0	0	310	350	301
695	2022-07-18	205	1	0	7	3	3851	0	0	359	645	579
539	2022-07-19	119	2	0	7	3	3852	0	0	695	526	522
605	2022-07-20	130	3	0	7	3	3853	0	0	539	508	536
479	2022-07-21	136	4	0	7	3	3854	0	0	605	499	483
528	2022-07-22	134	5	0	7	3	3855	0	0	479	508	500
297	2022-07-23	109	6	1	7	3	3856	0	0	528	310	246
337	2022-07-24	144	0	1	7	3	3857	0	0	297	359	283
703	2022-07-25	224	1	0	7	3	3858	0	0	337	695	632
586	2022-07-26	148	2	0	7	3	3859	0	0	703	539	502
570	2022-07-27	137	3	0	7	3	3860	0	0	586	605	495
554	2022-07-28	135	4	0	7	3	3861	0	0	570	479	620
519	2022-07-29	138	5	0	7	3	3862	0	0	554	528	480
301	2022-07-30	105	6	1	7	3	3863	0	0	519	297	242
363	2022-07-31	152	0	1	7	3	3864	0	0	301	337	302
715	2022-08-01	201	1	0	8	3	3865	0	0	363	703	650
514	2022-08-02	142	2	0	8	3	3866	0	0	715	586	553
592	2022-08-03	150	3	0	8	3	3867	0	0	514	570	523
544	2022-08-04	128	4	0	8	3	3868	0	0	592	554	520
482	2022-08-05	136	5	0	8	3	3869	0	0	544	519	457
338	2022-08-06	143	6	1	8	3	3870	0	0	482	301	308
330	2022-08-07	170	0	1	8	3	3871	0	0	338	363	350
750	2022-08-08	207	1	0	8	3	3872	0	0	330	715	645
552	2022-08-09	135	2	0	8	3	3873	0	0	750	514	526
570	2022-08-10	134	3	0	8	3	3874	0	0	552	592	508
561	2022-08-11	117	4	0	8	3	3875	0	0	570	544	499
544	2022-08-12	126	5	0	8	3	3876	0	0	561	482	508
324	2022-08-13	116	6	1	8	3	3877	0	0	544	338	310
421	2022-08-14	192	0	1	8	3	3878	1	0	324	330	359
744	2022-08-15	238	1	0	8	3	3879	0	0	421	750	695
641	2022-08-16	156	2	0	8	3	3880	0	0	744	552	539
621	2022-08-17	163	3	0	8	3	3881	0	0	641	570	605
594	2022-08-18	162	4	0	8	3	3882	0	0	621	561	479
522	2022-08-19	124	5	0	8	3	3883	0	0	594	544	528
283	2022-08-20	109	6	1	8	3	3884	0	0	522	324	297
346	2022-08-21	133	0	1	8	3	3885	0	0	283	421	337
726	2022-08-22	209	1	0	8	3	3886	0	0	346	744	703
627	2022-08-23	155	2	0	8	3	3887	0	0	726	641	586
575	2022-08-24	132	3	0	8	3	3888	0	0	627	621	570
585	2022-08-25	161	4	0	8	3	3889	0	0	575	594	554
535	2022-08-26	148	5	0	8	3	3890	0	0	585	522	519
327	2022-08-27	125	6	1	8	3	3891	0	0	535	283	301
413	2022-08-28	175	0	1	8	3	3892	0	0	327	346	363
781	2022-08-29	235	1	0	8	3	3893	0	0	413	726	715
679	2022-08-30	186	2	0	8	3	3894	0	0	781	627	514
644	2022-08-31	142	3	0	8	3	3895	0	0	679	575	592
13	2022-09-01	4	4	0	9	3	3896	0	0	644	585	544
25	2022-09-02	9	5	0	9	3	3897	0	0	13	535	482
9	2022-09-03	1	6	1	9	3	3898	0	0	25	327	338
7	2022-09-04	4	0	1	9	3	3899	0	0	9	413	330
19	2022-09-05	6	1	0	9	3	3900	0	0	7	781	750
12	2022-09-06	4	2	0	9	3	3901	0	0	19	679	552
0	2022-09-07	0	3	0	9	3	3902	1	1	12	644	570
9	2022-09-08	2	4	0	9	3	3903	0	0	0	13	561
13	2022-09-09	5	5	0	9	3	3904	0	0	9	25	544
3	2022-09-10	2	6	1	9	3	3905	0	0	13	9	324
396	2022-09-11	189	0	1	9	3	3906	0	0	3	7	421
760	2022-09-12	234	1	0	9	3	3907	0	0	396	19	744
652	2022-09-13	171	2	0	9	3	3908	0	0	760	12	641
632	2022-09-14	151	3	0	9	3	3909	0	0	652	0	621
646	2022-09-15	199	4	0	9	3	3910	0	0	632	9	594
607	2022-09-16	178	5	0	9	3	3911	0	0	646	13	522
330	2022-09-17	135	6	1	9	3	3912	0	0	607	3	283
378	2022-09-18	187	0	1	9	3	3913	0	0	330	396	346
811	2022-09-19	221	1	0	9	3	3914	0	0	378	760	726
662	2022-09-20	181	2	0	9	3	3915	0	0	811	652	627
622	2022-09-21	198	3	0	9	3	3916	0	0	662	632	575
633	2022-09-22	176	4	0	9	3	3917	1	0	622	646	585
605	2022-09-23	169	5	0	9	3	3918	0	0	633	607	535
330	2022-09-24	120	6	1	9	3	3919	0	0	605	330	327
402	2022-09-25	162	0	1	9	3	3920	0	0	330	378	413
827	2022-09-26	245	1	0	9	3	3921	0	0	402	811	781
617	2022-09-27	135	2	0	9	3	3922	0	0	827	662	679
581	2022-09-28	167	3	0	9	3	3923	0	0	617	622	644
623	2022-09-29	149	4	0	9	3	3924	0	0	581	633	13
581	2022-09-30	171	5	0	9	3	3925	0	0	623	605	25
334	2022-10-01	140	6	1	10	4	3926	0	0	581	330	9
355	2022-10-02	175	0	1	10	4	3927	0	0	334	402	7
774	2022-10-03	254	1	0	10	4	3928	0	0	355	827	19
678	2022-10-04	193	2	0	10	4	3929	0	0	774	617	12
603	2022-10-05	173	3	0	10	4	3930	0	0	678	581	0
560	2022-10-06	152	4	0	10	4	3931	0	0	603	623	9
579	2022-10-07	156	5	0	10	4	3932	0	0	560	581	13
386	2022-10-08	171	6	1	10	4	3933	0	0	579	334	3
394	2022-10-09	169	0	1	10	4	3934	0	0	386	355	396
750	2022-10-10	218	1	0	10	4	3935	0	0	394	774	760
605	2022-10-11	154	2	0	10	4	3936	0	0	750	678	652
372	2022-10-12	133	3	0	10	4	3937	1	1	605	603	632
677	2022-10-13	220	4	0	10	4	3938	0	0	372	560	646
652	2022-10-14	183	5	0	10	4	3939	0	0	677	579	607
367	2022-10-15	133	6	1	10	4	3940	1	0	652	386	330
430	2022-10-16	199	0	1	10	4	3941	0	0	367	394	378
809	2022-10-17	221	1	0	10	4	3942	0	0	430	750	811
762	2022-10-18	227	2	0	10	4	3943	0	0	809	605	662
591	2022-10-19	154	3	0	10	4	3944	0	0	762	372	622
669	2022-10-20	198	4	0	10	4	3945	0	0	591	677	633
632	2022-10-21	160	5	0	10	4	3946	0	0	669	652	605
385	2022-10-22	152	6	1	10	4	3947	0	0	632	367	330
424	2022-10-23	192	0	1	10	4	3948	0	0	385	430	402
919	2022-10-24	253	1	0	10	4	3949	0	0	424	809	827
635	2022-10-25	182	2	0	10	4	3950	0	0	919	762	617
624	2022-10-26	165	3	0	10	4	3951	0	0	635	591	581
632	2022-10-27	164	4	0	10	4	3952	0	0	624	669	623
456	2022-10-28	145	5	0	10	4	3953	1	0	632	632	581
362	2022-10-29	141	6	1	10	4	3954	0	0	456	385	334
442	2022-10-30	220	0	1	10	4	3955	0	0	362	424	355
916	2022-10-31	270	1	0	10	4	3956	0	0	442	919	774
20	2022-11-01	2	2	0	11	4	3957	0	0	916	635	678
2	2022-11-02	0	3	0	11	4	3958	1	1	20	624	603
13	2022-11-03	4	4	0	11	4	3959	0	0	2	632	560
15	2022-11-04	4	5	0	11	4	3960	0	0	13	456	579
8	2022-11-05	4	6	1	11	4	3961	0	0	15	362	386
1	2022-11-06	0	0	1	11	4	3962	0	0	8	442	394
21	2022-11-07	6	1	0	11	4	3963	0	0	1	916	750
20	2022-11-08	2	2	0	11	4	3964	0	0	21	20	605
18	2022-11-09	5	3	0	11	4	3965	0	0	20	2	372
21	2022-11-10	6	4	0	11	4	3966	0	0	18	13	677
579	2022-11-11	134	5	0	11	4	3967	0	0	21	15	652
353	2022-11-12	131	6	1	11	4	3968	0	0	579	8	367
411	2022-11-13	200	0	1	11	4	3969	0	0	353	1	430
458	2022-11-14	140	1	0	11	4	3970	0	0	411	21	809
296	2022-11-15	110	2	0	11	4	3971	1	1	458	20	762
711	2022-11-16	210	3	0	11	4	3972	0	0	296	18	591
598	2022-11-17	150	4	0	11	4	3973	0	0	711	21	669
658	2022-11-18	218	5	0	11	4	3974	0	0	598	579	632
295	2022-11-19	124	6	1	11	4	3975	0	0	658	353	385
390	2022-11-20	162	0	1	11	4	3976	1	0	295	411	424
757	2022-11-21	208	1	0	11	4	3977	0	0	390	458	919
665	2022-11-22	153	2	0	11	4	3978	0	0	757	296	635
575	2022-11-23	141	3	0	11	4	3979	0	0	665	711	624
546	2022-11-24	158	4	0	11	4	3980	0	0	575	598	632
657	2022-11-25	210	5	0	11	4	3981	0	0	546	658	456
352	2022-11-26	99	6	1	11	4	3982	0	0	657	295	362
349	2022-11-27	163	0	1	11	4	3983	0	0	352	390	442
576	2022-11-28	156	1	0	11	4	3984	0	0	349	757	916
658	2022-11-29	194	2	0	11	4	3985	0	0	576	665	20
637	2022-11-30	149	3	0	11	4	3986	0	0	658	575	2
533	2022-12-01	147	4	0	12	4	3987	0	0	637	546	13
460	2022-12-02	133	5	0	12	4	3988	0	0	533	657	15
437	2022-12-03	176	6	1	12	4	3989	0	0	460	352	8
361	2022-12-04	143	0	1	12	4	3990	0	0	437	349	1
633	2022-12-05	203	1	0	12	4	3991	0	0	361	576	21
677	2022-12-06	179	2	0	12	4	3992	0	0	633	658	20
533	2022-12-07	150	3	0	12	4	3993	0	0	677	637	18
557	2022-12-08	137	4	0	12	4	3994	0	0	533	533	21
466	2022-12-09	156	5	0	12	4	3995	0	0	557	460	579
397	2022-12-10	164	6	1	12	4	3996	0	0	466	437	353
387	2022-12-11	175	0	1	12	4	3997	0	0	397	361	411
861	2022-12-12	238	1	0	12	4	3998	0	0	387	633	458
691	2022-12-13	171	2	0	12	4	3999	0	0	861	677	296
614	2022-12-14	161	3	0	12	4	4000	0	0	691	533	711
540	2022-12-15	136	4	0	12	4	4001	0	0	614	557	598
552	2022-12-16	173	5	0	12	4	4002	0	0	540	466	658
289	2022-12-17	124	6	1	12	4	4003	0	0	552	397	295
363	2022-12-18	178	0	1	12	4	4004	0	0	289	387	390
638	2022-12-19	213	1	0	12	4	4005	0	0	363	861	757
529	2022-12-20	143	2	0	12	4	4006	0	0	638	691	665
517	2022-12-21	139	3	0	12	4	4007	1	0	529	614	575
589	2022-12-22	149	4	0	12	4	4008	0	0	517	540	546
486	2022-12-23	142	5	0	12	4	4009	0	0	589	552	657
289	2022-12-24	114	6	1	12	4	4010	1	0	486	289	352
448	2022-12-25	231	0	1	12	4	4011	1	1	289	363	349
688	2022-12-26	229	1	0	12	4	4012	0	0	448	638	576
602	2022-12-27	147	2	0	12	4	4013	0	0	688	529	658
511	2022-12-28	156	3	0	12	4	4014	0	0	602	517	637
513	2022-12-29	150	4	0	12	4	4015	0	0	511	589	533
474	2022-12-30	132	5	0	12	4	4016	0	0	513	486	460
324	2022-12-31	128	6	1	12	4	4017	1	0	474	289	437
